--
-- PostgreSQL database dump
--

-- Dumped from database version 9.3.5
-- Dumped by pg_dump version 9.3.5
-- Started on 2015-10-24 17:23:35

SET statement_timeout = 0;
SET lock_timeout = 0;
SET client_encoding = 'UTF8';
SET standard_conforming_strings = on;
SET check_function_bodies = false;
SET client_min_messages = warning;

DROP DATABASE "AptekaDB";
--
-- TOC entry 2046 (class 1262 OID 165288)
-- Name: AptekaDB; Type: DATABASE; Schema: -; Owner: postgres
--

CREATE DATABASE "AptekaDB" WITH TEMPLATE = template0 ENCODING = 'UTF8' LC_COLLATE = 'Polish_Poland.1250' LC_CTYPE = 'Polish_Poland.1250';


ALTER DATABASE "AptekaDB" OWNER TO postgres;

\connect "AptekaDB"

SET statement_timeout = 0;
SET lock_timeout = 0;
SET client_encoding = 'UTF8';
SET standard_conforming_strings = on;
SET check_function_bodies = false;
SET client_min_messages = warning;

--
-- TOC entry 5 (class 2615 OID 2200)
-- Name: public; Type: SCHEMA; Schema: -; Owner: postgres
--

CREATE SCHEMA public;


ALTER SCHEMA public OWNER TO postgres;

--
-- TOC entry 2047 (class 0 OID 0)
-- Dependencies: 5
-- Name: SCHEMA public; Type: COMMENT; Schema: -; Owner: postgres
--

COMMENT ON SCHEMA public IS 'standard public schema';


--
-- TOC entry 187 (class 3079 OID 11750)
-- Name: plpgsql; Type: EXTENSION; Schema: -; Owner: 
--

CREATE EXTENSION IF NOT EXISTS plpgsql WITH SCHEMA pg_catalog;


--
-- TOC entry 2049 (class 0 OID 0)
-- Dependencies: 187
-- Name: EXTENSION plpgsql; Type: COMMENT; Schema: -; Owner: 
--

COMMENT ON EXTENSION plpgsql IS 'PL/pgSQL procedural language';


SET search_path = public, pg_catalog;

SET default_tablespace = '';

SET default_with_oids = false;

--
-- TOC entry 174 (class 1259 OID 165312)
-- Name: categorytype; Type: TABLE; Schema: public; Owner: postgres; Tablespace: 
--

CREATE TABLE categorytype (
    id bigint NOT NULL,
    name character varying(255)
);


ALTER TABLE public.categorytype OWNER TO postgres;

--
-- TOC entry 173 (class 1259 OID 165310)
-- Name: categorytype_id_seq; Type: SEQUENCE; Schema: public; Owner: postgres
--

CREATE SEQUENCE categorytype_id_seq
    START WITH 1
    INCREMENT BY 1
    NO MINVALUE
    NO MAXVALUE
    CACHE 1;


ALTER TABLE public.categorytype_id_seq OWNER TO postgres;

--
-- TOC entry 2050 (class 0 OID 0)
-- Dependencies: 173
-- Name: categorytype_id_seq; Type: SEQUENCE OWNED BY; Schema: public; Owner: postgres
--

ALTER SEQUENCE categorytype_id_seq OWNED BY categorytype.id;


--
-- TOC entry 170 (class 1259 OID 165289)
-- Name: customerorder; Type: TABLE; Schema: public; Owner: postgres; Tablespace: 
--

CREATE TABLE customerorder (
    orderid bigint NOT NULL,
    orderdate character varying(255),
    status character varying(255),
    totalcost real,
    user_user_id bigint
);


ALTER TABLE public.customerorder OWNER TO postgres;

--
-- TOC entry 179 (class 1259 OID 165377)
-- Name: hibernate_sequence; Type: SEQUENCE; Schema: public; Owner: postgres
--

CREATE SEQUENCE hibernate_sequence
    START WITH 1
    INCREMENT BY 1
    NO MINVALUE
    NO MAXVALUE
    CACHE 1;


ALTER TABLE public.hibernate_sequence OWNER TO postgres;

--
-- TOC entry 171 (class 1259 OID 165297)
-- Name: orderitem; Type: TABLE; Schema: public; Owner: postgres; Tablespace: 
--

CREATE TABLE orderitem (
    itemid bigint NOT NULL,
    quantity integer,
    customerorder_orderid bigint,
    product_product_id bigint
);


ALTER TABLE public.orderitem OWNER TO postgres;

--
-- TOC entry 176 (class 1259 OID 165320)
-- Name: product; Type: TABLE; Schema: public; Owner: postgres; Tablespace: 
--

CREATE TABLE product (
    product_id bigint NOT NULL,
    factory character varying(255) NOT NULL,
    filename character varying(255),
    image bytea,
    name character varying(20) NOT NULL,
    price real NOT NULL,
    production_date timestamp without time zone,
    quantity integer NOT NULL,
    type_id bigint,
    category_id bigint,
    type_product_type_id bigint,
    CONSTRAINT product_price_check CHECK (((price <= (4000)::double precision) AND (price >= (1)::double precision))),
    CONSTRAINT product_quantity_check CHECK (((quantity <= 4000) AND (quantity >= 1)))
);


ALTER TABLE public.product OWNER TO postgres;

--
-- TOC entry 177 (class 1259 OID 165331)
-- Name: product_orderitem; Type: TABLE; Schema: public; Owner: postgres; Tablespace: 
--

CREATE TABLE product_orderitem (
    product_product_id bigint NOT NULL,
    orderitems_itemid bigint NOT NULL
);


ALTER TABLE public.product_orderitem OWNER TO postgres;

--
-- TOC entry 175 (class 1259 OID 165318)
-- Name: product_product_id_seq; Type: SEQUENCE; Schema: public; Owner: postgres
--

CREATE SEQUENCE product_product_id_seq
    START WITH 1
    INCREMENT BY 1
    NO MINVALUE
    NO MAXVALUE
    CACHE 1;


ALTER TABLE public.product_product_id_seq OWNER TO postgres;

--
-- TOC entry 2051 (class 0 OID 0)
-- Dependencies: 175
-- Name: product_product_id_seq; Type: SEQUENCE OWNED BY; Schema: public; Owner: postgres
--

ALTER SEQUENCE product_product_id_seq OWNED BY product.product_id;


--
-- TOC entry 186 (class 1259 OID 229826)
-- Name: product_review; Type: TABLE; Schema: public; Owner: postgres; Tablespace: 
--

CREATE TABLE product_review (
    product_product_id bigint NOT NULL,
    reviews_id bigint NOT NULL
);


ALTER TABLE public.product_review OWNER TO postgres;

--
-- TOC entry 183 (class 1259 OID 188868)
-- Name: producttype; Type: TABLE; Schema: public; Owner: postgres; Tablespace: 
--

CREATE TABLE producttype (
    product_type_id bigint NOT NULL,
    product_type_name character varying(255)
);


ALTER TABLE public.producttype OWNER TO postgres;

--
-- TOC entry 182 (class 1259 OID 188866)
-- Name: producttype_product_type_id_seq; Type: SEQUENCE; Schema: public; Owner: postgres
--

CREATE SEQUENCE producttype_product_type_id_seq
    START WITH 1
    INCREMENT BY 1
    NO MINVALUE
    NO MAXVALUE
    CACHE 1;


ALTER TABLE public.producttype_product_type_id_seq OWNER TO postgres;

--
-- TOC entry 2052 (class 0 OID 0)
-- Dependencies: 182
-- Name: producttype_product_type_id_seq; Type: SEQUENCE OWNED BY; Schema: public; Owner: postgres
--

ALTER SEQUENCE producttype_product_type_id_seq OWNED BY producttype.product_type_id;


--
-- TOC entry 181 (class 1259 OID 180703)
-- Name: review; Type: TABLE; Schema: public; Owner: postgres; Tablespace: 
--

CREATE TABLE review (
    id bigint NOT NULL,
    createdate timestamp without time zone,
    review character varying(255),
    product_product_id bigint,
    user_user_id bigint
);


ALTER TABLE public.review OWNER TO postgres;

--
-- TOC entry 180 (class 1259 OID 180701)
-- Name: review_id_seq; Type: SEQUENCE; Schema: public; Owner: postgres
--

CREATE SEQUENCE review_id_seq
    START WITH 1
    INCREMENT BY 1
    NO MINVALUE
    NO MAXVALUE
    CACHE 1;


ALTER TABLE public.review_id_seq OWNER TO postgres;

--
-- TOC entry 2053 (class 0 OID 0)
-- Dependencies: 180
-- Name: review_id_seq; Type: SEQUENCE OWNED BY; Schema: public; Owner: postgres
--

ALTER SEQUENCE review_id_seq OWNED BY review.id;


--
-- TOC entry 178 (class 1259 OID 165334)
-- Name: user_address; Type: TABLE; Schema: public; Owner: postgres; Tablespace: 
--

CREATE TABLE user_address (
    id bigint NOT NULL,
    adres1 character varying(255),
    adres2 character varying(255),
    city character varying(255),
    postcode character varying(255),
    user_id bigint
);


ALTER TABLE public.user_address OWNER TO postgres;

--
-- TOC entry 185 (class 1259 OID 221651)
-- Name: user_nfzdetail; Type: TABLE; Schema: public; Owner: postgres; Tablespace: 
--

CREATE TABLE user_nfzdetail (
    id bigint NOT NULL,
    department integer NOT NULL,
    name character varying(255)
);


ALTER TABLE public.user_nfzdetail OWNER TO postgres;

--
-- TOC entry 184 (class 1259 OID 221649)
-- Name: user_nfzdetail_id_seq; Type: SEQUENCE; Schema: public; Owner: postgres
--

CREATE SEQUENCE user_nfzdetail_id_seq
    START WITH 1
    INCREMENT BY 1
    NO MINVALUE
    NO MAXVALUE
    CACHE 1;


ALTER TABLE public.user_nfzdetail_id_seq OWNER TO postgres;

--
-- TOC entry 2054 (class 0 OID 0)
-- Dependencies: 184
-- Name: user_nfzdetail_id_seq; Type: SEQUENCE OWNED BY; Schema: public; Owner: postgres
--

ALTER SEQUENCE user_nfzdetail_id_seq OWNED BY user_nfzdetail.id;


--
-- TOC entry 172 (class 1259 OID 165302)
-- Name: users; Type: TABLE; Schema: public; Owner: postgres; Tablespace: 
--

CREATE TABLE users (
    user_id bigint NOT NULL,
    email character varying(255),
    name character varying(255),
    password character varying(20) NOT NULL,
    surname character varying(255),
    username character varying(20) NOT NULL,
    usernfzdetails_id bigint
);


ALTER TABLE public.users OWNER TO postgres;

--
-- TOC entry 1877 (class 2604 OID 165315)
-- Name: id; Type: DEFAULT; Schema: public; Owner: postgres
--

ALTER TABLE ONLY categorytype ALTER COLUMN id SET DEFAULT nextval('categorytype_id_seq'::regclass);


--
-- TOC entry 1878 (class 2604 OID 165323)
-- Name: product_id; Type: DEFAULT; Schema: public; Owner: postgres
--

ALTER TABLE ONLY product ALTER COLUMN product_id SET DEFAULT nextval('product_product_id_seq'::regclass);


--
-- TOC entry 1882 (class 2604 OID 188871)
-- Name: product_type_id; Type: DEFAULT; Schema: public; Owner: postgres
--

ALTER TABLE ONLY producttype ALTER COLUMN product_type_id SET DEFAULT nextval('producttype_product_type_id_seq'::regclass);


--
-- TOC entry 1881 (class 2604 OID 180706)
-- Name: id; Type: DEFAULT; Schema: public; Owner: postgres
--

ALTER TABLE ONLY review ALTER COLUMN id SET DEFAULT nextval('review_id_seq'::regclass);


--
-- TOC entry 1883 (class 2604 OID 221654)
-- Name: id; Type: DEFAULT; Schema: public; Owner: postgres
--

ALTER TABLE ONLY user_nfzdetail ALTER COLUMN id SET DEFAULT nextval('user_nfzdetail_id_seq'::regclass);


--
-- TOC entry 2029 (class 0 OID 165312)
-- Dependencies: 174
-- Data for Name: categorytype; Type: TABLE DATA; Schema: public; Owner: postgres
--

INSERT INTO categorytype (id, name) VALUES (1, 'Leki');
INSERT INTO categorytype (id, name) VALUES (5, 'Dziecko');
INSERT INTO categorytype (id, name) VALUES (3, 'Witaminy');
INSERT INTO categorytype (id, name) VALUES (13, 'Suplementy');
INSERT INTO categorytype (id, name) VALUES (14, 'Kosmetyki');
INSERT INTO categorytype (id, name) VALUES (15, 'Użytkowe');


--
-- TOC entry 2055 (class 0 OID 0)
-- Dependencies: 173
-- Name: categorytype_id_seq; Type: SEQUENCE SET; Schema: public; Owner: postgres
--

SELECT pg_catalog.setval('categorytype_id_seq', 15, true);


--
-- TOC entry 2025 (class 0 OID 165289)
-- Dependencies: 170
-- Data for Name: customerorder; Type: TABLE DATA; Schema: public; Owner: postgres
--

INSERT INTO customerorder (orderid, orderdate, status, totalcost, user_user_id) VALUES (1444925257609, '15/10/2015 06::07', 'Zrealizowano', 58, 1);
INSERT INTO customerorder (orderid, orderdate, status, totalcost, user_user_id) VALUES (1444998809344, '16/10/2015 02::33', 'Zrealizowano', 85, 1);


--
-- TOC entry 2056 (class 0 OID 0)
-- Dependencies: 179
-- Name: hibernate_sequence; Type: SEQUENCE SET; Schema: public; Owner: postgres
--

SELECT pg_catalog.setval('hibernate_sequence', 21, true);


--
-- TOC entry 2026 (class 0 OID 165297)
-- Dependencies: 171
-- Data for Name: orderitem; Type: TABLE DATA; Schema: public; Owner: postgres
--

INSERT INTO orderitem (itemid, quantity, customerorder_orderid, product_product_id) VALUES (1444925257654, 1, 1444925257609, 16);
INSERT INTO orderitem (itemid, quantity, customerorder_orderid, product_product_id) VALUES (1444925257667, 1, 1444925257609, 19);
INSERT INTO orderitem (itemid, quantity, customerorder_orderid, product_product_id) VALUES (1444998809464, 1, 1444998809344, 19);
INSERT INTO orderitem (itemid, quantity, customerorder_orderid, product_product_id) VALUES (1444998809521, 1, 1444998809344, 17);
INSERT INTO orderitem (itemid, quantity, customerorder_orderid, product_product_id) VALUES (1444998809528, 1, 1444998809344, 15);


--
-- TOC entry 2031 (class 0 OID 165320)
-- Dependencies: 176
-- Data for Name: product; Type: TABLE DATA; Schema: public; Owner: postgres
--

INSERT INTO product (product_id, factory, filename, image, name, price, production_date, quantity, type_id, category_id, type_product_type_id) VALUES (19, 'Bayer', 'Arthrotec.jpg', '\xffd8ffe000104a46494600010100000100010000ffdb00840009060714131214141314151515171815181417181417191b19161a1916181a1915171c1c28201b1a251d171722322325292c2e2e2f1c1f3438332c37282d2e2b010a0a0a0e0d0e141010172c1c151c2b2e2c2b2c2c2b2b2c2c2c2c2c2b2c2c302c2c2c2c372b2b2c2b2b2b2c2c2c2b2b2c2b2b2b2b2b2b2b2b2b2b2b2b2b2b2b2bffc0001108007000c803012200021101031101ffc4001b00000300030101000000000000000000000004050203060107ffc400411000020102040404030505040b0100000001020300110412213105134151062261712381913252a1b1c1141542d1f00772b2f1242526355462737492c3e116ffc40017010101010100000000000000000000000000010203ffc4001b11010101010003010000000000000000000001110212213141ffda000c03010002110311003f00fb1d795e48e00b9a987145d80d85c0febeb5c673aaa26651d47d457a24153f0ec2f63617b917fba0d8dfd456f850368065d2f71d35d011d74d6b5e069ca295594ab656b7a1e847a5322b160f6bc26d5a3158909efd052a8c58eb5673a69e1329d88acc1a520398f980d406171d2e411f91f9d6f930f6174ffc7f955bc1adb45698260c2b756014514514562cc06f5a31d8b11adf73d07f5d2a5734bdc93ae9af604806c3e75a9cea2b8c483b5fe959aca0d4ec3be9a8f7f602e6c7d74a7a28c3050db9dadbfbfb5ab5e08dd5ed2a8e558ab6fd3d47714cd62fa57b5a9e700dbad4ec5638b12176efdebc4b5b5ea6df2b5c9fcab538354462056c560696c39b8d75e8dee34aca78f20ccbb7f10edea2ade0d334561149715e57354fe3335acbf33ec2d4906d74363ad86c41246a7a1000d2b6f18fb63d411f437fd69646f5d8937f7014576e7e32a50fe77fc6f7fccd3897034ee3377b5ada7d05218734e2306522f6cd75b83adc6f6f5aa33e22abcab8b5d751edd6bcc2cb75acb88a8113b5cece75ff00985adf9525803e4ac770292cb99c9fead5be26dfe9f5d34a454d33136fb6a6ff00afeb5d20a11db43b7e16be9af61a7e14fc3274dbdea5c434b5f7b5fe5daa8c037f537fc00fd2811c47926206cc011fad3a0d4ee2c409900fba4fd4d508f6ae5dfd5654515e1ac2b9ee2b2e6948dc6df913fa56a89ae7f98b137d75ac3898b4adebafe16ac636d75e807d05759f1956c3b550858037bee3fc22e7f0b7d2a5618f6aa385901c87ef5edf4d6ff88ad0c78bc9f6186e0d8fcc5c5618c9ed1123b5ab2e3ee0228eace3f01fe54b6307c2ac753daa7c469c849d3dc0fa91fcaf53e33fd7f9d371b6d7ee7eb61bd6d14b0e6fe87fadfe94f40e0a8246840f6b1a9d877d6ffd77d2a86180d07b0a09bc3dec4afdd247d0d7b5a30326691dba166b7d6bdae5d7d56ce2f05c69b8a911b6847b7d41ff003ae9e54b8a878cc115375fa56b9ebf0ad8875ba9fe224dc74cb6b7ad37021f2eda48c7a6c736df85484c415dd4d6671b21d145bd6d5b43fc73177b44bb9d5fd0741f3a6707159691e1f80b1b9d49eb56556d5cfaaa818c8b2b5e880df4e874fad53c6e1b35487054ea2b7cf4987b0ed720f6173fde3d3e401fad5485c01724003726b9f18f03a5cfb1ac647926d0e8bdbbfbd6ad88df0cbce95a4e9a05fee8daae28d294c0e1728a72b8f575a1451456550b8e616fe61b8fcaa64527f8483f5bef5d64d166150319c3ac6e2e3dbf515d39a8d9863a92091720fd00b8f73dea8416016e40ca6fd85ac47f2a880b8fbdf45acc45249a1b81f9fb9adea199f1067945bec268bebdcd54921f25ab5603041453d5cbabed5cac8994da9989b436f43f31ff00c26a863f059b5a959194ec6b73a453c3b6a7dcdbd869fa567c431fcb4b2fdb6d17d3d7e552b9f26ca3ebfc853183e1e49ccd727bd5b7035c230f9457954a34b0a2b95aace90c663d5658e2c923b4819bc8a085552aa59c922c2ee36bf5a7ea471be1cd2bc45512ea47c62e55e319d4b0500798305dafbef4832e1f3c5382541160a6cc2c4a30cc8e05fecb0b917d7b814dc7027423bee2a1c3c166fd9b108722c8f868f0f1d9c95f8692287240b8b990e9ad8014b712e01cb6122f292312bb3296650f1b18f246d65b5aea77d07ccd6bd0ea3138858e3673aa817f28b93d0051d492401ef4b63b8c4713959338000cd265f22dc3100b77b231d01034b917179bc1b0ccf04602809cf77201b808aecc997b8cc16b671be1b2cf23210bc9e53aa1ce41123a32b3ba65f35810145fab1ed5320dede21880f309148b9752a2f1a8084bc9e6b05b3a1d2e75db436a13c2bd6c3dcd73f8ae178990cae562569d1e271cc2446acb12e7072f9cf918db4dc550e23c204b39765465f80006d7447999f4b5b50e9ef63572067f624f4dafbf4efed4c45028dab965e12f0c7695216b3a3191a42332dd2d0b796e174f6d05fad59f0baffa38d0005e52a01b8ca6472b94f6b6de952c156bda28aca8a28a280a9fc47882c4d1ab47210ecaa1d541556660a031b822e4f6354293c56199e584e9cb42ceda9b97b009a7502ee75ea16ac42fc331293a975491541b06750a186a2eba9b8d3ada9e8d57a11f515122e10fcbc4aaa47109502a22392b9ecf77be5196f986c2fa523c43c3fcbbc8bca440ee581621590f26c8de5b58946f6bfa9ab907518ac52c68d21fb2a2fa6a4fa0ee697c77178e26cae1c0f2e67cbe44cc485ccd7eb63b5edd6d7153385618bc202aaaa1c43b901aea230e586524798160a3416eda56ee35c3e59e40842f232301f12c798c194bbae5f3050745bdae493b0a641b0f88a2b6ab20362cca505d63b29e638cda259d3d7cdb686d4a58d7ad87ceb9bc4f07c4c85dd96356921681d44848556115e4072ebaa3797d453bc53821966ce423281870b98ea02492349a5baab28f5f952c82a885476daff2efed5b900e96f9571ebc19e18984ab110194891a46d1030b427cb70b6d2fb6bad5bf0c0f82c728506594a85375ca58db29eded4b057a28a2b2a28a28a02bc22bda283c15ed145048f12788e0c0a2498862aaf22c6b617f337522fb01a9aae45705e28e18bc4b1b2614ea987c2b93d84f88d233eea23f7d4d5bf0671833f0e8a66fb6b1b2c80efcc8aeac0fcd6b567a4742456bc4c99119adf6558dbd813fa5725e1ff1562f190f3e1c10e598c18cbccaa5e5d2ea01d426fe63bdaa6ff67b8dc5be0a459a10b165c5112f383317cef7429b803517f4a788ed3c3fc4bf69c3433e5cbcd8d5f2def6cc2f6bd50af98785bc5b8883018490e0cfec48914724e6450fd14c8221fc00d753e28f143e1711061e2c3b4f24e9218c2b01e74280062740b6624b74b52f3ec74d45731c5bc4b34230f08c37331b3ab30816419102db3b3ca74ca2e07ad1c1fc4b348d361e6c372b191c7cc58f98ad1caa6e018e4ed71637dae2a78d1d3d15c0ff006798fc6bcf8b5970eab19c4cbcc7e78631c9923f86abfc4bb6a34d4d333f8cf10dcc9b0b8333e1226757979aaacf934730c675600823d6d57c476b5af112aa2b3390140b927b544e33e288e1c3453c6ad399ca2e1a35d1a46717035d801727b5a94c1e2f1b8812c389c2081d42491b2ca1e37b35f2171a86f2f6a482ef0ce2714ea4c4d702c08ca548beda100da9dae77c25c1da0ceccacb754501ca9739735cb64665035b0b1d8574552fd051451515e1140af68a028a28a028a28a028a28a02b19240a0b31b000927b01a93f4acab19230c0ab00ca410c080410742083a10474a23e5fe18e078ec52c98e871cd8518b90cb93911b9c80958eecd73f600d36d4d3be10825c1cdc43033cbcd2c9fb5c72650b9b3ab2cbe51a0d554e9a6fdebe850c4a8a15142a816555000006c001a0158361232fcc31a17ca5039452d90ea5735af94f6dab7e421ff006703fd5981ff00a117e42a2f80f8844787cb0875e6a1c6678efe65f8926ebf31f5aee30f02a2aa22aa2280155542aa81b0551a01ed4b45c260591e55821591c10ee2240ce0ee1980b907d6a68e1b143fd98d3fe093f25aadc47fdedc37fedb15ff00a6ba838188c5c93147cacb9795917265fbb92d972fa5ab26c3217572885d4108c55732a9b5c2b5ae01b0b81d853c8723c7318985e2d04f3b04865c3bc0b21fb2b2870f663d330dbdabcc1e35317c5d64c3b078f0d86749645d54bcaca55030dc80a4d75f8bc2472a149512443baba8753eeac08ac703828a14090c69120d9634545fa28029a396f05e323188e21019156638b95825fcd94c7190c076ae1f80e0f0d161648f15c4f1b869203224f02e29d06849f871df55604116def5f5efdd90f379fc98b9d6b737969ccb6d6cf6cdf8d6bc5706c3c920964c3c0f22db2bbc28cc2db5988be95674389e37047838f83cea5ce130ae43961e658e68f2a3b8e963a1ed7aecb87f8830d3cad143324aeaa1d829cc029361a8d2f71b5509a35652ac03291665600823b10742296e1dc2e0c382208628431bb08e35404f73940b9a96e8728a28aca8a28a280a28a280a28a280a28a280a28a2817c7e279685b2e63750ab7b5d9982a826c6c2e45cd8d42878b4a92146406577955539c796086880f372f35acc4eddc5b5bd7433c2aeac8e032b0218117041e8695fdd1065cbcb5b6bdef7243139af7b9201bdefa56a58894fc71e2336640d90bc92fc53e48c145b463279ceac6de5dbd696c371f923731b426439dd9d96591f2a195e34ca0c760072cdc5d40034b936abffba61f27c25f21baee2c7ca7bebaaa9b1ec2b2938642ccac635254920dba9398dfbebaebd6aec10c78ad843cc6814300ae6313331e598d64b8222d5806b6b61a7dad6aa61f8948f0c93086ea031855642cd265cc2cc320c8c6c36cdbfa56e9784c0c2cd1291602d6e8142d8db716005bd0567fbba2f88322fc4bf337f35ee7e5a9274ea4d4d82447e2525799ca5312d848cb23160e54b5910c609000009394ebb69484bc7e48e691e443611c4cb1a4f992c639df5bc635361b01a81a9ae8e3e1300656112e651606d7fbdbdf73e66d4ebe63deb18b82e1d410224b1163a5ee2c56d73d2cc45ba0357609d3f885f9af1a40ad95c216698aead218d6c04674b8b9d76daf4c8c79963c39178da571701af9425d9c66d2e3cb6bdbad3787e170a0b246a3507e618bdc93b9cc49bf7add1e15172d940ca182dba0620b01ee547d2a6c11b887881e379156056542c2e662a494884cde5e59b794d86ba9ed4b2789f2dfe1315632646792d99b39011488f28034bdcdc03b35aba17c1c66e4a29bdc9d3725721bfbae95a3f744172794ba820ef6b1bdf4dafa9d7d4d3609b2f88645675e4293102d39131b00180f85f0eee6daeb976b57a7c40e0b5e150887ce79c7372ccaf12b2af2ec49284e5b8b6d7269cfdc30e70f9010aa15548275ce5cb137bb5c91bdf500d32fc3e22cac516ea4953ae84b6737efe6d75eb576081ffe9e5ccb7851542620c88656ceae860caa6f1000fc5d7a7504d85ddc1e3ddf1611c642914e244572e8583e18ab0242dfcae77008b9a79783c0005112d866d35d98056075d41000b6da0ec2b6e1b031c76c880101803a93662a5ae4ea6e5577ec2a6c0cd1451595145145014514507fffd9', 'Arthrotec', 50, '2014-12-05 00:00:00', 96, NULL, 1, 1);
INSERT INTO product (product_id, factory, filename, image, name, price, production_date, quantity, type_id, category_id, type_product_type_id) VALUES (21, 'Test123', 'Test123.jpg', '\xffd8ffe000104a46494600010100000100010000ffdb0043000302020302020303030304030304050805050404050a070706080c0a0c0c0b0a0b0b0d0e12100d0e110e0b0b1016101113141515150c0f171816141812141514ffdb00430103040405040509050509140d0b0d1414141414141414141414141414141414141414141414141414141414141414141414141414141414141414141414141414ffc0001108008900b303012200021101031101ffc4001e000100020203010101000000000000000000080a0109020507060304ffc400481000010203050407050407040b000000000102030004050607081112192131950913415791d3d438515676b322376171141527327581b4172345471633354243556674a1b2c4ffc40014010100000000000000000000000000000000ffc40014110100000000000000000000000000000000ffda000c03010002110311003f00d61d8cb1f57bc0b5948b374093351add5a69b9392940e2505d796a094a7528848cc9e24811223664e25c7f960ff38a7fa88f85c177b5a5d0fcd34ffae98b1d048c8ee1c602bffb32712fdd83fce29fea21b32712fdd83fce29fea237d8d5a9a33b5a768e8a9c9aaaad2825c920f27ad428a358494e79e7a08565c7239f08ecc039f0101a00d993897eec1fe714ff00510d993897eec1fe714ff511601091ee119291ee1015fdd993897eec1fe714ff00510d993897eec1fe714ff511601291ee10d232e0202bfdb32712fdd83fce29fea21b32712fdd83fce29fea22c05a4663708c691ee1015fed993897eec1fe714ff510d993897eec1fe714ff00511602d2376e118d232e0202bfdb32712fdd83fce29fea21b32712fdd83fce29fea22c025233e021a465c04057fb664e25fbb07f9c53fd443664e25fbb07f9c53fd44580b48cf808c691ee1015fed993897eec1fe714ff00510d993897eec1fe714ff511602d23dc20523dc202bfbb32712fdd83fce29fea21b32712fdd83fce29fea22c03a465c04348cb8080aff6cc9c4bf760ff0038a7fa886cc9c4bf760ff38a7fa88b01148f708691bf7080d04b1d17789179a4ad777e1851e2db9569324783a47fe611bf708194202b8582ef6b4ba1f9a69ff5d3163b4f6eeed8ae260bbdad2e87e69a7fd74c58e9278fe701e7b3b606ad3f6ca7671e99956292ed6252ac82d2d6a9857512e86c34414e94052d399502734e69cbed123d0c7d9c86f3195139ee87180c8ce04f18c6718049260324e50d432e31acce94dc595ec61f6f7ec9522efed83f6769b3d41137312ed4a4bbc16efe90ea75e6eb6a23eca52371cb7442bda5f896ef426b9648f9101607d6331bc78c6358f78f18afced2ec4af7a137cb247c886d2ec4af7a137cb247c880b03eb1bb78f18c6b19711e315f9da5d895ef426f9648f910da5d895ef426f9648f91016062b19f11e30d632e23c62bf3b4bb12bde84df2c91f221b4bb12bde84df2c91f2202c0fac67c478c6358f78f18afced2ec4af7a137cb247c886d2ec4af7a137cb247c880b03158f78f18cebce2bf1b4bf12bde84df2c91f22363fd15b883bc1c41d87b7950bc0b4af5a39ca7d4a5999671d6196baa42995120069091bc8cf7c04e9cce50df9463b219ee80c9ce1bf7c609867c60398cf284601dd080ae0e0bbdad2e83e69a7fd74c58e93dbf9c571705ded69743f34d3feba62c769eddfdb019ed10119ed1be303f380c4613c4c72fe7184f13be034e3d365f7f560fe591fd53d1aeb8d8af4d97dfcd83f967ffa9e8d75402108402108ce596fca0310842010842011b77e846fbb6bcdfe2f29f4151a888dbc74237ddb5e6eff00f1794fa0a80d95f643b21d9c61d9c60061ef8c9fce1efdf0191c2101c38c202b8382ef6b4ba1f9a69ff5d3163a49e3f9c571705ded69741f34d3feba62c749edfce039e7bc46018768808067181b89cf74644091bff080d3a74d530ece6202efd861b5bcf3b66d28436da4a94b519b780000de493d91f07741d1bb353d3f4a96bcfad54291682a0c26718b036564c4fd784b9565d6cd9510cc820e63253eac89cd3b9492989c789aa5c9cb631a6adebf4966b952bb9ba39db5345a73c92b4bb5044d3c9696a40dea4a332776f0a2950de047a8dd4d4ac961870e547b5b68eb0aae576d2b2c55aa35495026ea169eab3484ad2dcb253bdf528a836d213b92848e090a540428befc035c95c358a62bf6ce8979745b3cb7d128eda090abd3ea2e4938b3936b99974b49fb04e6096cab7e43b4445bb67816b6b2f7c9672c5580759bc5a6daba726b567ebf209ea65e629ea3917dfd4726341c82c28ee2a4819950112c71f17b36d2d8ddc5db61f5729fa7debdaa9f15dae51e4deeb954eebdf71d93a695e6412d87520a8900265d0afdd5831fdb8d4bc691c36e172c2dc6580a8a2a16d1f961662b35ba6344a92cb612b9b944bf96e53afbc8d4d051294288581ad398459bc7c04542c7dd5566d9d9ebc3b356f174068cc55e4a8adbe1b432973aa75d9598710113486dcfb2b5232d241077ee89435ec29dc2d72f1ec4dc3d2ec2ced2ed05a7b129afca5b466a6f99fa6cd069c7329f975153450beab7e41391504a529cd2a1249576740b8cba2a2584ac51d578d6d2a14d91a548591a6210c375344ae973f474255a831229795d6cccd3c4eb2b3acaca9b68f9bdf4dcb5f65ded8eb5754b1f67136f6fbef2a596dda7b6727372f2ccd1e48e94feaca530fba1ed084694f5996ac9295a8eb080d869a9f64cbbee344a5450a2925073072396e3da23847b7dbec13df8dda4fd0e4ed05dbd61999ad4c194a7b7221b9e2fbc1255d58ea16bc95a52a56472dc951e00e5de5a3e8f1c44595a748ce4f5d854de6e71f6e59b6e9cfcbceba85aff0077ac6d9716a6d3ef52c048ed22023a43289273d812be0bb6a952d76e2e9ed3cfc954caa5e4e5ecdcccbcd3cb98292a425c2cf5dd58c81242920e40ef1918faaacf4795ea53ac154279bb9fb53fae1997130142d1532614846acce722d8ebd4748232073cf7e5d90110a36f1d08df76d79bfc5e53e82a3510b49428a5434a81c883d91b76e8463fb36bcdfe2f29f41701b2ccf7433dd0ec8764009867c6061ef80e40ee84070840570b05ded69743f3453feba62c7691c770e315c3c177b5a5d07cd34ffae98b1d27b7f380fd32de370801f808e3da20203901f80811c77718e220603cfab971d66ebb7c544bcd785418b5948905531898959e71a6572aa52d4a65d641d0e24a9655f681de1278a411e3d8a0bdcbb3c18d924da2a6d94a1b9781500a91b354793934266261d59c8e9081ad0ca4a815e8cb56613fbca11285433ed8e9e76c7506a35e92aece5169d355b90429b95a9bf28dae66590adea4b6e91a900f1201101afdc15e0b6f06ad68ab37b97c3333b45b63699e5beeff00785bab061cfde6d2a4e5fa0f58324a8a32792d80da0b035ebf22b46e3f8b4c79d9ba25d359b909fbb9baa0db124503a9a3b4e34e171532e94e614dae6401a119a9f43232235296990fd20f8a0ab0aa3187fbb09f9797b715f672af565e990cb142a7a93a97d639ff000d4a6fed295c50dfee82a71047c1ff006e129802b3177974975b6019b576aed0cc21c758a9bae4ad56aab70a5099b765d283fa38757a92d36eaf5a5091ad09c8e61fc98c4be0b5d71578f43ba1bbcada65ef3edd30c4c5a3bceafb8d4b3ee21c716db4cb4e28689561bd2e1096c64d823466e296b578c622a6ece5c953ec9dd5d839e5546f1ad88979caddf4dab7572ef3cd2dd5b5aa5265d256c4b1521c0a710725349cb37b59544e7c51e35aec2ea2d7d32c726caff6ab7a2b79b6252cd53986de5cabee14e86dc7d495756b513b9084a97b812900827959ac4eb9397ef42bb7bc7b234045b496a44dda0accd52c99862c84b8436e4bb73132ea725ad49564b71bd084adc64275856a80f26b4b6fa81811c2648b167589d6e9f34e94d3dd9f0ecad46d7555681d64d388cc3b2d249094a8ef4b8b4a5b40280429de87029828bc8176b6e2d3db1b4958bbeacdbe97213fab15d55510d10b536e3877167edafacead242c84a52548495255ec16971cb396c312f4eb9bbb1bbc66d7d625961da9d6ab33265d9a5a12475ab521285291a12403a8a55ad49469d4728cdadc7fff00a4588ea7dd0dd050a42d94db0b5aabd696a136a669b4d65afb4fac2920ea4b6907359212545294ea2a8089178d686dae1e2d4d96c28d89af526ef262a0eb53769af0d336b907ab0b7f52fae330f6659c9b4849d0b5152c6849033419237498799398bdeb11686ca2a9d3d4ab1cecc7e80287d62a410e3e009a9ca855d612e5566ddec6994a5b414a752929cc2fd3b12b8a1b1141b8ab4f6f6c9b167af0cd264d5fa25597d5cdd318995ac34cb65e00f58e171615d4b67569492a2d852547f796c565df5c061b6c45afbc0bc19eb41315ca5b5549476765d9156aa17d3d7696e559094a129d7a06e0840090a593bc87515de8b7c3d5a3add42ab39652a066e7a61c9a7babaccca53ad6a2a56490bc80cc9dc23d76e030c36030cb4aab53ec0d2e629b2d557d131349989d7664a968494a482b272dc4f08f31a16361faedaab2342177f352f51abbc976b526ba9365db2920ea80947ea6a09ead97dfd40a64cafad0321995a82225181a4659e6603981bb808ce5bb808e3d90ec80e447e021971dc238987be03f403770108e2384202b8382ef6b4ba1f9a69ff5d3163a48e3f9c571705ded69743f34d3feba62c749edfce039e5bc46008cf688c08001039c3743307380d797491e392f2f0b57a766281624d1c53ea34513cf7eb191ebd7d6f5eea371d43219213bb288f173dd30b790dde6d9f378e8a53f620be5154451e99a26436a42825682567f71650a206f21240de63f5e9b1dd7f360fe591fd53d1aeb80d87ca5fce1d30d36d6b379d652d0d6710179f5d9f330898ad48bb232d4d6d6f758ead5ad09d6f91fbaa0080529c83601cfe967af9b0d14abf2b4988266f96d5d52d0571877459495a0a9ba94af58d25b532d4e38829608427aa0e34b429285292873b63597080d9e591be1c31cfdf12afce85798abb2b54f520492accd6ecb3d531497ba8431d749a9afb0561082013d6025c515246ad23f3b0b8d5c34580bd579d629d6eed0cd56a692ed6af1ad14df5af3afa42ba89b3269cd2a0ca8a7ab486d3d5801494152131ac7cf21080d97dccde9618309aecf137b35fbda45a1a8b0fcf314da02a54042492153aeb992df69256a59652b216a07536acf28eaec25770b570acdb61357e569af26976f1264aa14ea25097273899770b80adf9a504aca53d695ad08523ac5253a9b581a635c9080d955bdb51866b4973763eef2a78849c377566b37a5ace594b1cfc9cecfbe357f7d34f3885a14f64b502ad28492a52b2cce63aeb5178d853c464bd8e2bb6559ba89cb0d31d4c9376a68aaac3359954755d5f5e96ca8690194a3ab2b4a528cd013a72cb5cd9c01ca0367b7b5d23d77d76f22845d8855e2dab65c5b923549fa48a55028eb5956a7a569e9095ade214a1addfb6357fac20941933d1af8a9b738a6b1b6d6a96e174e54c526a12f2f2c29d29d424216d294acc6a39ef0234531b77e8461fb36bcecff00e6f29f41701b2c1bc670cb7437650ec80110cb8c0c3df01c80dd080e1080ae0e0bbdad2e87e69a7fd74c58e9278fe715c5c177b5a5d0fcd34ffae98b1d2471fce039e7bc46018ce5bc4600806663033ccc640828180d3874d97dfcd83f9647f54f46bae3627d36009bf9b063fe991fd53f1aecc8fba0108647dd0ca0108647dd0c8c0210c8c3230084323ee865008dbc74231fd9b5e6ff001794fa0a8d43e47dd1b78e84707fb36bcdddfe2f29f41501b2bcf7433dd0cb7432dd002619f18110cb8c07207742006e840570705ded69743f34d3feba62c769ede1c62b8b82ef6b4ba1f9a29ff5d316394a8104e638fbe039f68e1181fca33ab78de3c63015f88f1800fe5193180afc478c64abf11e301e3b7cb845ba6c41da093adde0d916ad154e4a5449cbcc2e7a6582db216a5e8c9a7500fda5a8e6413be3e0366561a7bb097e6f50f511280abf11e30d5bb88f1808bfb32b0d398fd984bf37a87a88c6ccbc34f7612fcdea1ea2250eadfc478c357e23c6022feccac34eefd984bf37a87a886ccbc34e5f7612fcdea1ea22506ae1bc78c356ee23c6022f9e8cbc34e7f7612fcdea1ea21b32f0d397dd84bf37a87a8894055bf88f186afc478c045fd995869eec25f9bd43d4463665e1a7bb097e6f50f51128756fe23c61abf11e30117cf465e1a47f9612fcdea1ea23d5ee5b0eb779878a754a46ef2ce22ceca549f4cc4db689a7dfeb1c4a74a4e6f2d64643b06437c7a4939f68f18c70ff007878c067b3b21d9d90d5bb88f186addc478c064ff287bf8460abf11e30d5c778f180e4387642015bb88f184055e6c25b5abdda5b4a35a8a13e994add1e6db9d9379c692e06de41cd2a285020e44702224ded59c4a7c6b25c8e4bca88ab683fdbb50ffb877ff731d7c04badab5894f8d64b91c97950dab5894f8d64b91c979511161012eb6ad6253e3592e4725e5436ad6253e3592e4725e544458404badab5894f8d64b91c97950dab5894f8d64b91c979511161012eb6ad6253e3592e4725e5436ad6253e3592e4725e544458404badab5894f8d64b91c97950dab5894f8d64b91c979511161012eb6ad6253e3592e4725e5436ad6253e3592e4725e544458404badab5894f8d64b91c97950dab5894f8d64b91c979511161012eb6ad6253e3592e4725e5436ad6253e3592e4725e544458404badab5894f8d64b91c97950dab5894f8d64b91c979511161012eb6ad6253e3592e4725e5436ad624fe3592e4725e544458404b377a537120f38566dd32927b11489448f00dc22264203ffd9', 'Test123', 120, '2015-07-09 00:00:00', 1, NULL, 1, 2);
INSERT INTO product (product_id, factory, filename, image, name, price, production_date, quantity, type_id, category_id, type_product_type_id) VALUES (22, 'Test345', 'Test345.jpg', '\xffd8ffe000104a46494600010100000100010000ffdb0043000302020302020303030304030304050805050404050a070706080c0a0c0c0b0a0b0b0d0e12100d0e110e0b0b1016101113141515150c0f171816141812141514ffdb00430103040405040509050509140d0b0d1414141414141414141414141414141414141414141414141414141414141414141414141414141414141414141414141414ffc0001108008900b303012200021101031101ffc4001e000100020203010101000000000000000000080a0109020507060304ffc400481000010203050407050407040b000000000102030004050607081112192131950913415791d3d438515676b322376171141527327581b4172345471633354243556674a1b2c4ffc40014010100000000000000000000000000000000ffc40014110100000000000000000000000000000000ffda000c03010002110311003f00d61d8cb1f57bc0b5948b374093351add5a69b9392940e2505d796a094a7528848cc9e24811223664e25c7f960ff38a7fa88f85c177b5a5d0fcd34ffae98b1d048c8ee1c602bffb32712fdd83fce29fea21b32712fdd83fce29fea237d8d5a9a33b5a768e8a9c9aaaad2825c920f27ad428a358494e79e7a08565c7239f08ecc039f0101a00d993897eec1fe714ff00510d993897eec1fe714ff511601091ee119291ee1015fdd993897eec1fe714ff00510d993897eec1fe714ff511601291ee10d232e0202bfdb32712fdd83fce29fea21b32712fdd83fce29fea22c05a4663708c691ee1015fed993897eec1fe714ff510d993897eec1fe714ff00511602d2376e118d232e0202bfdb32712fdd83fce29fea21b32712fdd83fce29fea22c025233e021a465c04057fb664e25fbb07f9c53fd443664e25fbb07f9c53fd44580b48cf808c691ee1015fed993897eec1fe714ff00510d993897eec1fe714ff511602d23dc20523dc202bfbb32712fdd83fce29fea21b32712fdd83fce29fea22c03a465c04348cb8080aff6cc9c4bf760ff0038a7fa886cc9c4bf760ff38a7fa88b01148f708691bf7080d04b1d17789179a4ad777e1851e2db9569324783a47fe611bf708194202b8582ef6b4ba1f9a69ff5d3163b4f6eeed8ae260bbdad2e87e69a7fd74c58e9278fe701e7b3b606ad3f6ca7671e99956292ed6252ac82d2d6a9857512e86c34414e94052d399502734e69cbed123d0c7d9c86f3195139ee87180c8ce04f18c6718049260324e50d432e31acce94dc595ec61f6f7ec9522efed83f6769b3d41137312ed4a4bbc16efe90ea75e6eb6a23eca52371cb7442bda5f896ef426b9648f9101607d6331bc78c6358f78f18afced2ec4af7a137cb247c886d2ec4af7a137cb247c880b03eb1bb78f18c6b19711e315f9da5d895ef426f9648f910da5d895ef426f9648f91016062b19f11e30d632e23c62bf3b4bb12bde84df2c91f221b4bb12bde84df2c91f2202c0fac67c478c6358f78f18afced2ec4af7a137cb247c886d2ec4af7a137cb247c880b03158f78f18cebce2bf1b4bf12bde84df2c91f22363fd15b883bc1c41d87b7950bc0b4af5a39ca7d4a5999671d6196baa42995120069091bc8cf7c04e9cce50df9463b219ee80c9ce1bf7c609867c60398cf284601dd080ae0e0bbdad2e83e69a7fd74c58e93dbf9c571705ded69743f34d3feba62c769eddfdb019ed10119ed1be303f380c4613c4c72fe7184f13be034e3d365f7f560fe591fd53d1aeb8d8af4d97dfcd83f967ffa9e8d75402108402108ce596fca0310842010842011b77e846fbb6bcdfe2f29f4151a888dbc74237ddb5e6eff00f1794fa0a80d95f643b21d9c61d9c60061ef8c9fce1efdf0191c2101c38c202b8382ef6b4ba1f9a69ff5d3163a49e3f9c571705ded69741f34d3feba62c749edfce039e7bc46018768808067181b89cf74644091bff080d3a74d530ece6202efd861b5bcf3b66d28436da4a94b519b780000de493d91f07741d1bb353d3f4a96bcfad54291682a0c26718b036564c4fd784b9565d6cd9510cc820e63253eac89cd3b9492989c789aa5c9cb631a6adebf4966b952bb9ba39db5345a73c92b4bb5044d3c9696a40dea4a332776f0a2950de047a8dd4d4ac961870e547b5b68eb0aae576d2b2c55aa35495026ea169eab3484ad2dcb253bdf528a836d213b92848e090a540428befc035c95c358a62bf6ce8979745b3cb7d128eda090abd3ea2e4938b3936b99974b49fb04e6096cab7e43b4445bb67816b6b2f7c9672c5580759bc5a6daba726b567ebf209ea65e629ea3917dfd4726341c82c28ee2a4819950112c71f17b36d2d8ddc5db61f5729fa7debdaa9f15dae51e4deeb954eebdf71d93a695e6412d87520a8900265d0afdd5831fdb8d4bc691c36e172c2dc6580a8a2a16d1f961662b35ba6344a92cb612b9b944bf96e53afbc8d4d051294288581ad398459bc7c04542c7dd5566d9d9ebc3b356f174068cc55e4a8adbe1b432973aa75d9598710113486dcfb2b5232d241077ee89435ec29dc2d72f1ec4dc3d2ec2ced2ed05a7b129afca5b466a6f99fa6cd069c7329f975153450beab7e41391504a529cd2a1249576740b8cba2a2584ac51d578d6d2a14d91a548591a6210c375344ae973f474255a831229795d6cccd3c4eb2b3acaca9b68f9bdf4dcb5f65ded8eb5754b1f67136f6fbef2a596dda7b6727372f2ccd1e48e94feaca530fba1ed084694f5996ac9295a8eb080d869a9f64cbbee344a5450a2925073072396e3da23847b7dbec13df8dda4fd0e4ed05dbd61999ad4c194a7b7221b9e2fbc1255d58ea16bc95a52a56472dc951e00e5de5a3e8f1c44595a748ce4f5d854de6e71f6e59b6e9cfcbceba85aff0077ac6d9716a6d3ef52c048ed22023a43289273d812be0bb6a952d76e2e9ed3cfc954caa5e4e5ecdcccbcd3cb98292a425c2cf5dd58c81242920e40ef1918faaacf4795ea53ac154279bb9fb53fae1997130142d1532614846acce722d8ebd4748232073cf7e5d90110a36f1d08df76d79bfc5e53e82a3510b49428a5434a81c883d91b76e8463fb36bcdfe2f29f41701b2ccf7433dd0ec8764009867c6061ef80e40ee84070840570b05ded69743f3453feba62c7691c770e315c3c177b5a5d07cd34ffae98b1d27b7f380fd32de370801f808e3da20203901f80811c77718e220603cfab971d66ebb7c544bcd785418b5948905531898959e71a6572aa52d4a65d641d0e24a9655f681de1278a411e3d8a0bdcbb3c18d924da2a6d94a1b9781500a91b354793934266261d59c8e9081ad0ca4a815e8cb56613fbca11285433ed8e9e76c7506a35e92aece5169d355b90429b95a9bf28dae66590adea4b6e91a900f1201101afdc15e0b6f06ad68ab37b97c3333b45b63699e5beeff00785bab061cfde6d2a4e5fa0f58324a8a32792d80da0b035ebf22b46e3f8b4c79d9ba25d359b909fbb9baa0db124503a9a3b4e34e171532e94e614dae6401a119a9f43232235296990fd20f8a0ab0aa3187fbb09f9797b715f672af565e990cb142a7a93a97d639ff000d4a6fed295c50dfee82a71047c1ff006e129802b3177974975b6019b576aed0cc21c758a9bae4ad56aab70a5099b765d283fa38757a92d36eaf5a5091ad09c8e61fc98c4be0b5d71578f43ba1bbcada65ef3edd30c4c5a3bceafb8d4b3ee21c716db4cb4e28689561bd2e1096c64d823466e296b578c622a6ece5c953ec9dd5d839e5546f1ad88979caddf4dab7572ef3cd2dd5b5aa5265d256c4b1521c0a710725349cb37b59544e7c51e35aec2ea2d7d32c726caff6ab7a2b79b6252cd53986de5cabee14e86dc7d495756b513b9084a97b812900827959ac4eb9397ef42bb7bc7b234045b496a44dda0accd52c99862c84b8436e4bb73132ea725ad49564b71bd084adc64275856a80f26b4b6fa81811c2648b167589d6e9f34e94d3dd9f0ecad46d7555681d64d388cc3b2d249094a8ef4b8b4a5b40280429de87029828bc8176b6e2d3db1b4958bbeacdbe97213fab15d55510d10b536e3877167edafacead242c84a52548495255ec16971cb396c312f4eb9bbb1bbc66d7d625961da9d6ab33265d9a5a12475ab521285291a12403a8a55ad49469d4728cdadc7fff00a4588ea7dd0dd050a42d94db0b5aabd696a136a669b4d65afb4fac2920ea4b6907359212545294ea2a8089178d686dae1e2d4d96c28d89af526ef262a0eb53769af0d336b907ab0b7f52fae330f6659c9b4849d0b5152c6849033419237498799398bdeb11686ca2a9d3d4ab1cecc7e80287d62a410e3e009a9ca855d612e5566ddec6994a5b414a752929cc2fd3b12b8a1b1141b8ab4f6f6c9b167af0cd264d5fa25597d5cdd318995ac34cb65e00f58e171615d4b67569492a2d852547f796c565df5c061b6c45afbc0bc19eb41315ca5b5549476765d9156aa17d3d7696e559094a129d7a06e0840090a593bc87515de8b7c3d5a3add42ab39652a066e7a61c9a7babaccca53ad6a2a56490bc80cc9dc23d76e030c36030cb4aab53ec0d2e629b2d557d131349989d7664a968494a482b272dc4f08f31a16361faedaab2342177f352f51abbc976b526ba9365db2920ea80947ea6a09ead97dfd40a64cafad0321995a82225181a4659e6603981bb808ce5bb808e3d90ec80e447e021971dc238987be03f403770108e2384202b8382ef6b4ba1f9a69ff5d3163a48e3f9c571705ded69743f34d3feba62c749edfce039e5bc46008cf688c08001039c3743307380d797491e392f2f0b57a766281624d1c53ea34513cf7eb191ebd7d6f5eea371d43219213bb288f173dd30b790dde6d9f378e8a53f620be5154451e99a26436a42825682567f71650a206f21240de63f5e9b1dd7f360fe591fd53d1aeb80d87ca5fce1d30d36d6b379d652d0d6710179f5d9f330898ad48bb232d4d6d6f758ead5ad09d6f91fbaa0080529c83601cfe967af9b0d14abf2b4988266f96d5d52d0571877459495a0a9ba94af58d25b532d4e38829608427aa0e34b429285292873b63597080d9e591be1c31cfdf12afce85798abb2b54f520492accd6ecb3d531497ba8431d749a9afb0561082013d6025c515246ad23f3b0b8d5c34580bd579d629d6eed0cd56a692ed6af1ad14df5af3afa42ba89b3269cd2a0ca8a7ab486d3d5801494152131ac7cf21080d97dccde9618309aecf137b35fbda45a1a8b0fcf314da02a54042492153aeb992df69256a59652b216a07536acf28eaec25770b570acdb61357e569af26976f1264aa14ea25097273899770b80adf9a504aca53d695ad08523ac5253a9b581a635c9080d955bdb51866b4973763eef2a78849c377566b37a5ace594b1cfc9cecfbe357f7d34f3885a14f64b502ad28492a52b2cce63aeb5178d853c464bd8e2bb6559ba89cb0d31d4c9376a68aaac3359954755d5f5e96ca8690194a3ab2b4a528cd013a72cb5cd9c01ca0367b7b5d23d77d76f22845d8855e2dab65c5b923549fa48a55028eb5956a7a569e9095ade214a1addfb6357fac20941933d1af8a9b738a6b1b6d6a96e174e54c526a12f2f2c29d29d424216d294acc6a39ef0234531b77e8461fb36bcecff00e6f29f41701b2c1bc670cb7437650ec80110cb8c0c3df01c80dd080e1080ae0e0bbdad2e87e69a7fd74c58e9278fe715c5c177b5a5d0fcd34ffae98b1d2471fce039e7bc46018ce5bc4600806663033ccc640828180d3874d97dfcd83f9647f54f46bae3627d36009bf9b063fe991fd53f1aecc8fba0108647dd0ca0108647dd0c8c0210c8c3230084323ee865008dbc74231fd9b5e6ff001794fa0a8d43e47dd1b78e84707fb36bcdddfe2f29f41501b2bcf7433dd0cb7432dd002619f18110cb8c07207742006e840570705ded69743f34d3feba62c769ede1c62b8b82ef6b4ba1f9a29ff5d316394a8104e638fbe039f68e1181fca33ab78de3c63015f88f1800fe5193180afc478c64abf11e301e3b7cb845ba6c41da093adde0d916ad154e4a5449cbcc2e7a6582db216a5e8c9a7500fda5a8e6413be3e0366561a7bb097e6f50f511280abf11e30d5bb88f1808bfb32b0d398fd984bf37a87a88c6ccbc34f7612fcdea1ea2250eadfc478c357e23c6022feccac34eefd984bf37a87a886ccbc34e5f7612fcdea1ea22506ae1bc78c356ee23c6022f9e8cbc34e7f7612fcdea1ea21b32f0d397dd84bf37a87a8894055bf88f186afc478c045fd995869eec25f9bd43d4463665e1a7bb097e6f50f51128756fe23c61abf11e30117cf465e1a47f9612fcdea1ea23d5ee5b0eb779878a754a46ef2ce22ceca549f4cc4db689a7dfeb1c4a74a4e6f2d64643b06437c7a4939f68f18c70ff007878c067b3b21d9d90d5bb88f186addc478c064ff287bf8460abf11e30d5c778f180e4387642015bb88f184055e6c25b5abdda5b4a35a8a13e994add1e6db9d9379c692e06de41cd2a285020e44702224ded59c4a7c6b25c8e4bca88ab683fdbb50ffb877ff731d7c04badab5894f8d64b91c97950dab5894f8d64b91c979511161012eb6ad6253e3592e4725e5436ad6253e3592e4725e544458404badab5894f8d64b91c97950dab5894f8d64b91c979511161012eb6ad6253e3592e4725e5436ad6253e3592e4725e544458404badab5894f8d64b91c97950dab5894f8d64b91c979511161012eb6ad6253e3592e4725e5436ad6253e3592e4725e544458404badab5894f8d64b91c97950dab5894f8d64b91c979511161012eb6ad6253e3592e4725e5436ad6253e3592e4725e544458404badab5894f8d64b91c97950dab5894f8d64b91c979511161012eb6ad6253e3592e4725e5436ad624fe3592e4725e544458404b377a537120f38566dd32927b11489448f00dc22264203ffd9', 'Test345', 1, '2015-07-09 00:00:00', 1, NULL, 1, 2);
INSERT INTO product (product_id, factory, filename, image, name, price, production_date, quantity, type_id, category_id, type_product_type_id) VALUES (18, 'Pfizer', 'Viagra.jpg', '\xffd8ffe000104a46494600010100000100010000ffdb00840009060714131215141314161515141818171414161818181416141615181617151714181c2821181a251c141421312125292b2e2e30171f3338352c37282d2e2b010a0a0a0e0d0e1b10101b2c2420242c2f2c2c2c2c2c2f2c2c2d2c2c2c2c2c2c2f2c2c2c2c2c2c2c2c2c2c2c2c2c2c2c2c2c2c2c2c322c2c2c2c2c2c2c2c2c2c2cffc000110800b100f003012200021101031101ffc4001c0000010501010100000000000000000000050102030406070008ffc4004010000201020403060306040405050000000102030011041221310506411322325161718191a1074252b1c1d1142362f0338292e115164372f1345373a2c2ffc400190100030101010000000000000000000000010203000405ffc4002f110002020104010204060203010000000000010211030412213141135122326171058191a1e1f014c142b1d115ffda000c03010002110311003f00dcf1491ee2c29913b38147a4456aaa2000e94ca46a069c1b1eb52a610f5357cd7a8ef6028ff0629460c69572d5eadbd9a9102c029ed0694acd6a53350b3107f0e2a44c38a7035328acdb30c095eec854d96940a5315fb1a8de1abc057b2d6b3022586a34b8a30f154261a361228daa5b534254b6a0c0569d287c97068c15aad2c17a21061bd3974ab4d15aabb8ac613b6a7a6269aa0544f2af9d14acc5b321a459d85261f5daad08af40c313144d4c973553118a48f7229dff001250b7e94fb242da08aad3ad54b03c4524f0907da8852ca2d3a614ec880a5a83f8c4fc42a44941d8de976b46b1c690d3ad42f8cf188f0eb99c81463072748cdd72121486b1cdcf91023700f5b1b7ceb4f80c7a4ab99483559e9f2439685538be98f94557cd5063712d7d2bd092c2f4ae0d2b0a68b6af53c738aa201a4b5a9460b094578c943d26a8f13c45506bbf95651b017db116a89f8928dc8ac2f1be3b8973961889f53a0acf70ac36331188c9366451a9034bfa5ebb21a36e3ba4d222f32f08ea6fcc118eb7aa788e6e80685803e57a01c4122824446d3379fa566b9f561390c76cde9e555c1a38ce4973c8993338a6cdfc5cd901fbc3e74570dc5637d9abe7e03caf57a296640083228f3d6d5db3fc221e2473ad6bf28fa063707635265ae43cbfccd8a4b168de44fc414ff66ba9f04c776ca09056fd08b1f91af2f53a29e1ef9475e2cf1c9d164c57a69c28a2230d4e10d7196059c18acef3072f338cd1b1561b1e9f115b9110a6c8a29e1370768124a4a99cdb97f8cb46dd94e32b8f3d987983d6b5cf30c9981aabcc7cba9885f261aab0dc1f306b213418f5063cb9ada07bd811e645772c78f3fc5174fca39dce58f86afea52c73363317d98272466ed6ea7a0bd6d31dc3076047a5be955793b801812ef72edab1f335a5c44775235a1a8ce94d461d20e283a6e5db396fd9ee27b399e22763fad749e238b089727a75ac6c1cab2a630cca7ba4ea3de8cf1de132ce8103328ea45af6f8d5753e964caa57f7170ee841a6811ccf2421088cddeda65de9fc9586c4df348485b0b03bd56e2dcab244fda4377d3c27a7c68ef01e27310ab242534dfa52ce51f46a1cfdfb2a97c5c85f88630448598dad5ca7118efe3b1403b5a3076f302b59cd7c3b138960a9654075bdee7e1e54438272843125994336e4dbad6c12c5831ee6ee4ff6132294e54ba19c43038678721b5adb0fd2b9ee0b894b829084ced083d41b5bd0dabaf47c3231f745262b854722952a2c6930eae30b8c95a61c989ca9ae182b82f148b14a18117f2eb46c400504e1dc9d040d992ea7dcdbe55a24b79d736670ddf0374521babe2ecacd0d46f87bd10cb5ec950b28089f0f9549d74ac0705c53e271cc35289d3d6f6aea73401948f3ac5f2df085c2e227321b0720a13e5a93f9d76e99c364efbf073e5b728d745dc740c268d557bbae63d289c102992e3a6f584e70e6e659b2c25480356df5bd6a39219db0c2490dd985c9f7f2ab65d34e1894e42c32a94dc51263782c189725d4314dafd282f07e5d85a6751182ab6d4ebafbd59839a6088caacc030246bfa54180e75c2a2e8756f437f8d5218f50a2d453fa0929636d374101cbb86798008bdce9fbd108b8646ccca56e00dba5621f9d15272f1adc378ba7fe68b7fcfb1852554963e9567a5d4baec9faf851b2e0fc39110d9741b0aad1731426511a919ae45bd456570df681688828431f2dbe74ce4ae1af24c710e2c2e4adfa93d68bd1384273cfc7b7d45ff2549c638b9f73ab87d2a3ed450f9711d0541db1af09f67a41569aa232d0c6c4557c54acc2c0d648c1b4994ec6aae27128a75b5eb23c1b10f1cec8cc4e6d45fa55e87bd8921f6b69f3abac493ec9ef0ea62d08b8234a83fe2037b69e759de60578e4023fbd7a27c26cd0906d71bdea8f045414bdc5591b96d0dc6411714c7c428d09aa5c02425083d0daaae330a0e216fb1074be95258d6e698ee5c5a0c114db6d55a273955b7b8ebb0aaed3b388d96dab107caa6a2c7b08134eb50e9e53620eeac36f2354b89f1beccb0bf786cbe628ac6e5d01c92ec36f3a8172c001b934071fcc9ada217fea3b7c056766c43ca4963a137cbd3e552471d7563d325f31c93d437c44b5263647f1393f4148b21f33f3a604a7015d4a31473394bdcb50f1091767356a2e3920dec6862aeb6af30a0f141f682b24d74cd1e1b8ea1f102bebb8abb36061c4a106ce0d64ca7aebe54ec3cec86ea483e9fa8a8bd32bb83a6556a5f535c023987eccc824e1df7fb8da8f81deb69c2f0261c284b6aab6b7a8157785f10ed975f10dc7eb570d4f3eaf2cd2864f074e3c505f147c9f3ef11e1b39924630c9ab31f036d7d35aaebc3e5ffda7ff004b57d0c6153d05786153f08aef8fe34d2ada733d0df9383e0b97b1327860737f4b7e75a3c0720e29bc4a107a9bfe55d69142ec0549fc55097e3797fe29207ff3e0fb6cc570ae428a3ef4a7391d0e8a3e15a5550a2ca2d53c8e4d4792bcccfaacb99dcd9d78b04312a8a2222a33562d4e58ef5ce54aa2234efe1e88471549d9d6b3197c6f072655914db2dfe34b8cc112c1868c2b46c052344b54df2e056901305c3cb3e790dcdad579f86adc91a5f7ab93d9003e74e5345e491a911e130a10580a91b0e09b902e29e2925940149f1363700c5c2b65417f0fca9ab82216d7fbd985aada9daa2792c3e3fdde86f746a04f1fc72c08d7399e4365077b8eb6f21590cece4bb9bf52c699cdd8dcd8d604e8aaa07c45cfe7f4a76131161fdd88f235dda78fc36716793dd45d45b15feabfff005b7ef52b38d75b65241f869f0aa923005729ee85d05f5049d47d0549da8373af7b461d0e96bfa1ae8e48da2e122e2fd46dec75fcc54519d3adfd77bd4424dbd36f8ffe29e1a8a42be4b171f31f5af2ae9e67d36a445ab48b598526c8d176b83534787a9900a8f11880050dc36d4bb2d702369ade6a6ff0ad20a05cbd87372e74246de428e115e7ea5dccecc0aa02d7a92901f6ae72c486a3614fcd504b25130e0b4a69a8d4e6a062322a68d6a31532563132d2d32999e89866293a8dc54334e7caac33d45b9a753a15c41f2e77b69b5598227bebb55d45f6a92ded45e5e28db4a7fc33743520c21dceb44238bad4bd9d0f51868cf9360ba0f9edfb9a198a9882b6cbab1dcfe7eb57cae8bdd1a13a5f6f51e66856290dd2ca9e2fbc76f53eb511d1ccf9db1223c759ac048ab94df4cc091f5fd054f84c58a4fb5ac0ab4225ee878a42058dcb23ef71d35008ff007ae73c3f8f4916970cbe4dbfc186d5d38736ce191cb837f28ea8928f3a9d24ac2e0f9aa33e2ccbf51f4a3985e2a8c3baeadec75f9577473465e4e2962947b4696392a78de81478cab90e32a89d93a34111ab224001a0b1e2f4a518a2c6cbafaf4a56327ec119b17e5f0ab5c3f0249ccfbf41e5efeb55309181a9d4fe5ed4730686d7daa19327845e18fcb2c46e508a2b9afad09737abf8592e2b8e475a2614b7df6a4f95789df51f2a984490fa8aac2226adfc45309f5144c7825a92f55e527ce9d04be740c595152a5354835230005630d76aac5a95e5a72dbcc513111635344b4e45f515281ea2818551ed56628ba9b52247d74a7996dd2b18940a477035351c93585e80710c5b31b0da8986464301603437b797a8aad89c25fee21b35c5ce9eed52c0c054d9c35c586bd0ec7de9686313cf1c19a6c26211557312197f1311d7d0695c026c33a121948b1b1bf43e55f58cf8356cc080430d75ef5c741e42b9bf35725a390dd9b92cc0160f641ee3ab6df5a1d05347120d4f57addf10fb3e70c40565f43bd04c47274cb7b6b6fef5a361b05c1c5255da461f1bfe744b07cc13dedda1f881fb50f9781cabbe5ff52fef4f8b86156b3c891906c416171ee2ad073be2c56a0d7291b1c0631dfc4c4fe55abe132dce5419c8f2f08f76fdab3fcbbcaa1d55d9f3ab6a0dc906ba872ff0a5451602a9bdf920e11be0938570a3a33ea7e83da8df620561b8bfda5470c8f1c5176810e5cf9aca48dede95070afb4e4925c93c62243b4818b007fabc87ad743d0ea1c77ede0459b1dd59b87c25f6a9b0d115d0d4987c402a0a90c0ec41041f8d66b9b79b9708022012ccda85bec3a13fb7a57263c53cb2db15c9694e3156cd493a1d46ff00dda91f10a09bba0d3a91a7bfad730e152710e26598ccb142ba315b8424fdd400df30ea49ea2b410fd9de1ee0c9348ed6dc9b5bfeef3ae89e971e275927cfb256456694b9847fd1ac18e8f4fe6c7ed71f33522ccac34753af4ebed58f9bece30855407917fcc0927ceec36f4aad81e4bec5998710282ff70017d76b31201a5f47035c4ddfd83ea644f98fee6c31fc4618addacd1a5f62da036e8284cbcd98116be2a3f2d2fa504fb4a457c346e264730b80ef60400e2dde0bd4e9593e42e2f061e62d882810a903b998a1b837eb707f4ae9c3a084f03c96db5e1139ea2519ede2bdcdf7fceb83d72ca5adf863720fb1029b373d423eeca45b7ec9c0fa8a78e79c08b852cc37eec0d66f6d2aae27ed230d66080b1b7de50aa34f0907634b0d3393a589fea6965aee4bf409f07e71c24ec15655562340e0afe7a56913a6a3e5f5ae33c17977118a68de30a884b10c57ba8a4faf8bd3dabb3e18595173036006db91d6a7afd3e2c324a12fbaf61b4d9a7913dc8abc4f882c11348ccb65d85bc47a0140f01cd923dce48fd40274aafccf8a795caa152887f0eedd6ded46395783224259b2969356f41e554860c58b0efc8adb039ce592a3d06785f1259469a375156713205049b0005c9f415ce79a717ff0e21d1ef9af905ee45ba1f4aab85e7c8f199639af031f5b2b7c7f4a4c9a27b565c6ae2c78e657b1f66b24e38aef941eedc807cc8a9ca03b50dc27055be61a9e86ff00951cc2e182ef5c536af82e80f10234351ccbad5e201a1f88055bd292c26679e389f10c3da485c760458baa2178dbfacb026c7a1db4a15cbfce44c9d96364568cb031cde158cdb5054017be9a91a58f4ae86ae194a900a9162a75041d0823cab94739f2c1c293240a5b0ec0e753de30fcf52bebb8b57afa39e0cb0f472a49f87fdf272e584e32df1fd0e95370b00ccc10b6cc3f99a9d3766248516fa5613ed4389f6312e1a35b493add8fe18ef6d3d4fe95ee4be77102343896cf115fe5b6a592c0f718eec86c3cededa500eca4e238cdc99263aaeb6ca1b4eccfdd5551d6dd3ce9b07e1b2c795bc9f2c7cfb825a94e3c7655fb3de50fe26432cabfca888df677fc3ec3ad50e7ce1e22c7cca362438f66504fd6f5de3867038a08238e35165394b66d09ea4ebab935cbfed678505c6160b6cd082066b91949199bf6ada5ceb26a9d2e29d149fc30b61dfb35fe660505b58ddd3ea08fa1abdcf7ccdfc240218dbf9d2e848ffa69b13e84ea07c6b39f66fc4461a29cba92a995f2dfbd23b131aaadb402e0037acfc7c33118d9c3346e5a692d9c82116f7b28d3c200dfd3d69e3a65fe44a53f957249e5b8520a7d9ff04ede679240bd961ec5c311ab1f0823a8ea7e14679f39561527111342a6c0bc19acad7245d2da06bf4f4a2f07d9761d43e7964246f95b285161aed76ea6d4521fb38c02bff86cd7526cd23d9883e262b6b1d76f5a13d743d6dfbdd7b25fc81617b2a8c2728f35c9832aac85e03bc6482e9a0bb0f25eb6a773d461f10d884b4b0cc17248a6c0b0d0a2fe1234d0efad6b38dfd9dc124719c2da1704a9b97224e82f7b916f3b6b5ee05c91240d2679e1789f49e111b18d874c809d186ba8bf5aa2d5e993f5a1c4ba6bdff915e2c8d6c7d15fecdf99628e338799e38db78dff00e9b661a8276571eb5d0e29d4e5b3a9d3cc1f8b6b591c5fd9ce0d9fb99a2eee8a0e68c7b86bebaf9d5483ecda050806265b5c9b0b0627d4fe1d36f5ae2d43d2e69bc8a4d5fd2ffd95c6b2c23b5ab2d71be5c86477965c7ba2bb5f20755516d3b849b85f4ac1732c3860f97098869c056ed5d96e82d6b05b0d0dbef7d6b7907d9e60c672ecf25dbbd7360dadf2a85f0fc08ad2e13844110748d234564b300ba1522d6624ea75fad531eb6186aa4e55e29242cb0ca7e12394f283e783190e7507b21228cb7c8d13137616ef6e3cf6a1dca18b55c4c19990af6aa3215b960da66bf96bb7ad768e1bc2b0f0e4eca38d3bb96c1066b5bef1ea34ab3061a351dd083bdb8402fed4f2fc563f1d47e6fafd045a4eb9e893228bd8a8d7a281f0140798b9422c4b191584530523305057fcea743efbd690b6adde1f2d07fbd2a1ef0b30d4682df535e563cd3c72dd174ceb9423254d1cb7818e2582648d17382d6ecb2e652bf8c38d87f76ae8cf8994e1c32c6dda31b15cb6cbe645fa517863b0d4dcf9d4957cdaaf564a4e2aff00efee4f1e170549f064b86f0a791ad223228dcec4fa0a2b270c8231a961fe6357f15890a3d68262559f53499353393ee8a460919ee2dc07073be69159edb5ddedf20686f12e458a51951f2a7416b95f63fbd6b17000d5fc2608275f9d347599a2fe666f4e1ec0ce59e08d868fb369de55fba5c0bafa5c6e3de8ea74ef0f6b7d69ca76ef0dafb7d4d2f680004b8b75d3eb7f2ae69cdc9db1d2ae00e4534d8ee2f525e9192804f47029dbe550cd83077f88ff006eb51f10e230e1943cf22c6a4d816ead626c07536074f4a0dcb5cd831d34b1aa055401a36bf79c5ed72a76e86ab1c53945cd2e17911ce29d306bfd97e18c8ce92c91a13711a852aa7ae52da81e9d2b47cb5ca987c1b168b33330ca59cdd80decb61ddbf5f6140f8ff1ac51c62e0b06c91be5cd24ce035ae2f600823416e869781e3b1b87c5f618e912656ff0e55508da82477540041b5bcc115db2ff002678a9cfc5edf2d134b1eeba36593ba345d1b7e805fdf56fd6abe3787c5233f690c4e505d73aab32e6dc9bec0e51e5b560795704fc50e2279e790156023443644cc09f06c6c2c069b8bd13fb39e27216c4e0e76ed1f0e2ca49fe610a5958163ba5f295b9bd89bf4a9e4d2bc7b9a9731abfcc31caa75c70cd8c58640ca4247df5d48007696b1d2dd05feb4e552157c032b589b68b736ca079ec2f59be77e3d2e121c3cb176473b647254b0272e6023b30b785b5f6a03c7b89f10c3c6b8b69a2111916f0aa2b2c21b550e48bb923426e082452e3d2cf2252b5cdd73e519e48c5d51d1993c6005d81b745b8f11d353a5ede94aa4664f0d99491a78ed6d4e9dd02e3e75cd78dc58e8a218d5c533b3847302e88164bd8e5b58a8361623e34ee6be22f8a93874658c71621159ca9b076760a41b6b61ad85fad563a1726aa49ae6fe95d89ebaae8e8b9ec80965d1ed7b6bbf8574dba5ea576d641751600eda2efa8d353f3ae59cffcae30b87ed2191ca8932942f9bb363a864d353a58e95d3f0788ed066197f991a385b68332dc926da9bfe550cd82318467195a77f95148cdb74d13ab779751aae82dbedab795441bbabde1e2b6da93ae83fa69f1b7f866e2c4796ada75d341f2a6dfba6ec347d4dbd7c2ba6deb5cd450f3cb61277869b9b6da6cbe67f5a9b3f7c7786aa4816d06dab7ad7adde71997c234b68a35d76dff00614b1b6b19cc351e5ab1b5eeda695a8c355f44ef75236d5bfda9d9f47ef8d0ea6da0d365f5a6893ba0e61e2b5f2faecba6deb521624baab2dec3a68b7d01bdb53f3a1461e5fbd6056f6b816d05adbfaeb54d3b68e4895a5560e185fb300e65b301bf966f95158e2b791d05cdb527ceabf1086fd9b01e0901f81054fd1a9e157c8b35c7048b8e42d96e6e0e52729b66b5ed9ad6bd00e21cc991651672616225755eea2db3026fe2ee904e5bd2733e29c0748c39946578515484394824b3edd08b13544c32892764883a62155b2b3046129528c1811b65097f6ab4611ae44b959426e32f1be24c84bac71a4c9b6b1b022c0ffdcbbff5548fc4a4c424b87428b298f3c7246c5d34fba5b4cad703e0688e1b97c5a00c4308e068251aff00315825adec55b7fc557b85f08687266941489485197296d0006437b310074037a378d7dccf7306e183b3e0f11db00b2a156015429cea241bdfaadaa78b88cad21cacc724ccaea55044910235663639b29046fbd5f5e1764ec84806439e23604c643122f7d0ee46bd29d88c221019a5ca8c0194000090a8f13e971b0dad7b0141e48b17648a7dac99663db92f0c84816b029a3052078972923e02aa712e24d2f7469183e562de448e83d2a0c762fb57240caad6b8db315d0330fc853512b9f24948ac23418434fa09cbfc7e3c42e9dd71ba1fcc798a34292ca3441888d58599430dc0600807cec6b09c353b1e392a80144b1dc01a0d541dbdd4d7422b42e7e0711c4ae24e6ed105859acb617dd7aef5d5833282927d3544b242e9af0ccc63a6fe1f8d4723e893aa80c7ced90fb6b97e74ee79c416e23808e3d58919c0f212a917b7a07deb4fc678543894093207506ea750ca7cc30d4556e0bcbb85c349da4719325ad9dd8bb01e84ed5d30d5635b66ef728b55e19378a5ca5d3333c998c8f86e2f1785c4b88d5886899f45214b6537f5561fe9353723ca27e2b8dc447fe01b85702c096ca343d6e518dbf7adc62f090622ddb44925b6cea1adec4d5bc3e151142222aa8d9540007c050c9ac8c94a54f74924fdbc73fb06389ae3c2333f681c39e6c0148d419159485507606c720f3b13d36a831fc3259f8518b2949942150c40756461ab926d7b0bef5b2923d2a375b87d01b8f5d4dbef7a5421a99460a1ecec7704e57f432e9c0e593878c2c88ab2984008596e591aea4badecbf0a13c5397a35e1d8518c99219202517111e675ef1d23d05c8240f8ae95d082f7d7d54dfcfa787d3fdaa19615640aea8c331bab58adafb58ee69e3aa9a97d2ef803c4abf2a39573261c1c348f3f1013b4654c11293788122ece372d94eec2feb5d1394637185c3ac8a33184774ee6da0249f4b5366e0f83833bf61047a8cac5068cc7427fcc68e64ef0b81b10de67f6eb4fa9d57a98d457577e3f6a171e3db2b208cf76337075b66b78bfa469a539c1024d546537db441be9a6a6d50e2f102254b8b92e15001a927eeadcf90defd2a17e2041990c0c1d23ed552ca4381a12ac0d99afd0db715c8a0df28aee413b77beef79745f3f526d4915ec86ea7a16b6a7d069a0fda98930ce8bdd0ce85b29f1b016d6de42e3e74e06e00ee5d4eba8eea93d3ea3e14b4d06c52a4865192e187b2fb69a9a211c405ec06bbd85be7549b151c7b951770ba6f98f9faf5a518b226eccdacc99e323fa480ca4ff009948f73476b05a2ebd3659428d68663b18e361a79d0f38d2dbd2d0422d203726991af5a8a15bfb55c54a06100f614e76f10ba683aec3d4fae94920366b64b8f3d401e7efbd2622409999bb30b96faee7feed35a3461d2e2154676640b96e74d4f913f5d3d6b2dc431ed3917d1078576ff311e7e9d29b8dc6b4c416d15765b01f136ebe9d29a894198445a940a4029d406472c8dd9183212a46d6d2b7dcb3cd6b2d926eebf46e8defe46b054d65f9d73c65439da85538f1b9d982adc2be46d45c1f323cab19cb1cd852d1ce495d83751efe62b4a600f22cf05d58b0127e0923f36f33e46bb30ed95d929dae89f1b8a2994e5f14a23373d0fde16de97884e6368c0ca73c8a841dc037d47caab9e1d21560145c6204ab76d080d7f853f15c2e666620a6b2a4aa4df65b773e87e75751c76ada26e520b09154db3007cafe5a9a930d8e8d880aea4b0ba8041b8f31e74330fc34891d9b2bdd8b2937bae60015b7c2abe178298fb1c8ca3b29247db7592f75f4e9f2a9ecc7ee35cbd83727158f3aa03766cf94004dfb3f158fa5c0f8d05e09c433a61d9da50d8867cca45e36214dd35f02d85f4ea2bd81e12d1b42ddadfb0ed00197c492104dc93e2d06bef4ee1dc258c3870e4a3c2cce0291a66cc3293ecd555e9462d27fde7f813e36ff00bf42d729ff008205ef9259d4126e5544cc05afe807c8546714b1b63a5719bb1c840fe958f3f5d89626f56b03c3562cf96fdf767209b80cc6e6c3a6b73487060c8edb89142c8a45d580bdb4f6622a7be3b9bf0c6dae901b8c713774c623953d9c30499577398b330df5002817a35c4f12e3108011d8bd8064b37f30e6eec83755361661e46fbd10e1dc1e251611a0eee4f08f07e127a8f4ab470a8b6b2a820002c06806c3db53465960d2497bfee97fe01465e4c9730f6a0e1e645693f87973bc635668d94a31504ea45ef6f7a23c4310b89c3ccb10625e27cad66439caf740b806f7f95159f0df78695165bd27abc2e3a1b6f20bc3e04b6230d37607580c6ecc5734641522fadc120b6d7ab9c3382f650baac617f9a5945fc5189332adfcac4d81da8c60e2d2e6acb1b0a2f349994119f9b032932d906b324a9761aa80b71e87435631f293888940f0a48646e8336555507d483fe9a93158c236aa42537d683c8df2ff00be0ca05c90d41fc106a7c6ac7daadc296a90e363832815e606db2e875b9f0fd37a71e86dd75d76ff007a8f105515cb2a800dc6bd7ccebaebd28a01ec4b2a072ca81743af5373a916deb2f8fc6999ae45947857dbab7afe54bc4718667bdacbf757dbab799fcaa345acd98445a900af014ea40a3d5eaf52d609cb29296bd5ca3914dbd751e4bffd3aff007d6bd5eab43e562c8d0474f14b5eaa47e60222a8e96bd4cfa14435663fdbf5af57a97c8d2ec6c95261abd5ea61576158b6a865debd5ea1e5044c4780d5514b5eac0f01287614cc4f84d2d7a98c0a97c355bad257ab2e825f87615607ddf7a5af52a3158f84ff00f27ffaa1bcd7b7f997f5a5af53aecc028ea614b5ea400b4a6bd5ea013c294d7abd5827ffd9', 'Viagra', 15, '2015-07-09 00:00:00', 90, NULL, 1, 2);
INSERT INTO product (product_id, factory, filename, image, name, price, production_date, quantity, type_id, category_id, type_product_type_id) VALUES (17, 'Johnson', 'Pampersy.jpg', '\xffd8ffe000104a46494600010100000100010000ffdb00840009060714121215141314151514161818181817181818141719181715181615181818181c2820181c251d151722312125292b2f302e171f3338332c37282d2e2b010a0a0a0e0d0e1b10101b2c2420242c2c2c2c2d2c2c2c2c2c2c2c2c2c2c2c2c2c2c2c2c2c2c2c2c2c2c2c2c2c2c2c2c2c2c2c2c2c2c2c2c2c2c2c2c2c2c2c2c2cffc000110800b200c203011100021101031101ffc4001b00000105010100000000000000000000000501020304060007ffc4004b1000010301050307070906050207000000010203110004051221310641511322617191a1d11432338192b1c10715234252536272b224437382a2f0638393e1f1253416355474a3b3d2ffc4001b01000105010100000000000000000000000400010203050607ffc40034110002020103020403080202030100000000010203110412210531133241510622611423334252718191155362b134a1f124ffda000c03010002110311003f00f4abf76ab905f24db45d700954ab0211948954124c6e03b296308aa766d60172fbb75a3428b223f2e370f4c1d2ac857ea016eae5278890fcdaa57a4b65a97c61780760ab52c033dd2f34860b9da1a3b68ff5954f962d8bdce375a0e968b50ff395f1a5962d8bf50ef9b46eb5daff00d63e14c251ff0091c6ec3ffacb5ffabfed487dbff211374fdab65ad5fe694fba90b6ff00c84f99193ab8fabade5f8d3e46f0ebf71157359f8bc3fcd5cfbe9658db21ee726e467edbff00eaaa9f7316c87bb17e676b73d691d4f2a96e62f0d7a3145d80696ab5c70e58f852ce496cc7e61de4037da2d447f1954d819a5fa867cda8defda4f5bcba5c8d85ee27cced1fdeda07f9cbf89a5963f871f72566eb6926438fcf12ea8f468723519723c6315ea596d848515728e9272f3c8ca222065155f85ea5eac4bd49c599187d33c8cd27259d13a4659e9bea87bf38411c633938b4903d3da0ea44ac6fc8cc6a3a22994259e589ce381aa008239577311e79d3a26ac553f72bf1d7644612a049f2878cee2a11a44e8331d7db57a87056ee927dc8ad578db92525879b5a52230b80cabafa7a453aad0d2d4dab95c96ae9db679521fb2c6030ac0b95007eb06d4334f4851aae5048be9d5ca7e689b56ad01490a1a1008c88c889150c066f3c7b6b2dee376fb400a201527207f00eca2e98a71e4e7ba85d3566114ec8f2dc270a144805470a8c803534d6db0a92dcf1904a5d963f97b96bca9610165d584289009c3122244c748a78db5b9386795e849ca5b776590aadb3abca3eb03dc2ac8ec92ca6432d3c36d0e64e23cc7173ae4a9c85349c53c0a2dbecd8f45a57b9e3eb00d3a4989cdaf51ebb52a337543a82452c213b1fea2116d3f7eafe9f0a7da86f11fea62f9611fbe576a7c299472daf61ddad24f3dc5f2d27f7cafe93f0a7506df084ed78ee3556c9d5d51f581ee14d18e739f413b5a6be61116923cd7943a09c43be99a496478ca52784c91cb62a614e90464400134d094271dc992b37d72d926d3212e0deeacff37854f055bbea707c7deafdaa5b45bfeac912b3aa5d58f583efa5843eff00f91cab7293abd1ea4d5565908770dd3e9b53a8c7849b1156c2afdf98e884f7d57f68abdc2a5d1f5efbc19de571a3ca1d0483ef14bed352ecc7ff000bd43f4313e718cb963ebc27e1496aaaf743be8fd47b2831a6de77da0faa053fdaea7ea85fe17a863c8c55db87df2bda1e14bed34fb8cfa3750cf106c8cdea00f4ab3eb1ef8a6fb4d3fa897f84ea18cec60fbc6fd5e1212b508060ccab3d60ea299ea687ea5b5f48ea50e76f07b0dc0e036560c8cd96cff40aaf215b19e59b64b9b73e7f17bb2f85174f94c0ea1f8cc76cf5bf91e5978805724704ef54820566756d2cb5118452fcdc8ba6dca972967d038dde3663c891853e995849108714131b8c09c504831584f43aeadcde3b7afd0d48ea34d3515e8ffec6f9730a5a92ee080842f105257896d92709504a449040c8549697570ab7433cbc7ecbdc8ab74f3b364df65dc1f7e5b5b284f2500ba795723ea9290908e8d0e5d35a7d23497a9b76f68ac2fafd4075f7d5b12afbbe58085742b8321b6ce269703773a690b028a496781f387908bcd216c7289012a44054761f7cd73b0d4ea74faef0ac798bec74d3d3e9b53a0f161c497707a41260024f0199eeadf9d91827b9e11cec6b73788ac9358c24389e539a01ce72ea9a0b5f63b34b2f05e5be0d0e9d5a8ea63e37097232d6fe3716b1a1565d200027d714ba6d1e150a32efdc8f56be36ea6528914d68706660e9a7e0583a6a13eccb69af7cd2f768a85539d72975929bee7bae83471d369e15d692f7619b35c214ca1c2a5625a4ac00905294073939512419d4e432df52869f8cb60d6f5251b5c52e17fde0b6bd932311c64a53680cf9b9941586cb9c3ce311d152fb3a2aff002ad2494572b3fc8ae6cba104871d5f98f389284a48521a83324ea42bb41a5f678a4457559bed15e99fe4a9765c4976cea7b94293896948213865290a48326495120089ce9a3441a08d46ba555bb147d1326b7ecd0631a9d715c9212d2a5290544b8ac07226004a81eee34becd12aabaabb12508e1e5ffe8a77c5ca1961a782d4a0e8494f3622412ac59e5ba075d34a9515c1651ae7658e12466ed069ab8f3d8b752d6d7fb33d62e2b53a2ccc01a069bfd02b64f3f663f69d536959e249fea346d5e539dea1f880e49ab92467175ab680002da551c7a80f85036692529654b0130ba1158687f9723ee11bb79a68e8ee4f2e791dea2b6b0a2515b9249e268c8476a498349e5e449a9911c88912606f3ac74d576ca518b71592ca6119cd466f0bdcb76ab014a31a54168de46503aab2f4fd514acf0ad5891b3aae8de1d5e3552dd121b25916e986d25477c683ac9a2f53afd3e9d62d9726669f4975efeee23adb6271a10e254949f64c748c8d5746af4baa96e834da09b34faad3c5c5e527dcd2581d6ec4ca16e4f28ef012ad26070007beb94ea0f53d53532aebed137b455d3a1d3ab27dd8eda7690e301f4c4a6085714120107b7baa3d0f51669757e059fd16757d3d5aad378d046426bbc4d9c5e0e9a9113a690b074d335944eb93849497a32ab898ae6b55a59465c1ec5d1fad53aba165e248b6c5eef21be492b211c20652428804e80900c5529db1e03ec8696c9ef78cfee4a6ff00b4622ae5552441d223163f3749c59ceb4fe2584553a55c71fd908bd1d023198095a7f95d32e0d379a673b192556957b7f7ec46d5b9c4a5290a8085f289100c2e231770a64e4bb1392d3c9e5b59c63bfa1619bf6d09101d511ce10a85f9cac46710cf3cc70a96f994ca8d27d3fb2bda6f37568c0a59298488207d524a63ab11a7fbc921e1f66ae5b9359fdc14f0a9574cb3d81757afa36bf9bd0f5ab8d7fb33198f44deefc02b5f070fe2fd4c4df93cb67a919fb4aa2eaf2983d43ce53156e560cf67453e10c849a679439d4df5109525c88514c92c8fce0edc46e3a8dc7ac6faabc3af76f6b32f72e8dd38c762971ec6c995166c38da031048599120e63113c729ecae0b54d6aba93aee7859c1d9e95781a2f16b1d76deedda925b71202888c3f55597d53c7a35a86b7a5dba0f9eb6f6fa8da2ea756b23e1dabe6056d9abe99b4ee4b663d6a8f72456cfc2d15e14e6fbb6667c44945c20bb13bab8bb73fad03b5cf0a15414bad71ee12a5b7a57ee66a6bb672e7072328894e31d34d91604a71f074d46586f944a33947cac5269617b1256492c65894b085e2d9fa99d4b085e359fa99d4b085e359fa99c4d2c0bc5b1fe6646a349d6b19687df2f56ca968a8623ec11094bdcf56b92c0ef93b3cf4fa26ff40a1b835a353c185bed72ecc83235fe6555f4f94ccea0be71f71dd4bb53a1b440304951d1206a4d592928acb06a2876cf6a368af938461ffb85e2e2509c33d533df43abdc8d79f4a8a4b931d7edc8ed91610e010acd2b1e6aa3589d08de0d5f54d589a5dcccd4e96544b9ec4562badd744a1048fb4724f69d680d4f56a34dc4e5caf42ed3f4dd45fcd6b809b3b28e1f39691d40aab22df8a21f92393421f0fd9f9d963ff097f8a7d81e3433f896cce55610be1eaffd840feca383342d2ae820a7bf314555f1345fe2c1a29b3a04979248b3b3d6cc136678428484856520ea9f5eeeb340757d32b36eb68795ea19d3750eadda5d477f4025ed771b3b919e19942ba06eeb15bfd2f5f0d669f63c37ea998fd47496e9ad738f6f420b55a96f28296712a0246406fcb4d7334651a5ab4b194a1c7ab04bb5166aa51418da090962ca804a800a206b3a27bf1765739d266a5759abb1e164deea2daa21a682cbc0d67659d239ca423a33268bb7e23a93f920e58f504afa0dbb5394d2c8f56c9b9b9c49f52aab8fc4f0cf30689cbe1e9e389a652b45c0fa3ea850fc267bb5a3e9ebda5b3bcb0076745d4c39c6418a04483208d411047a8d6ac275591dd179332507196d92c0cab081c29085a423a2909265cb25d8e39a03d99c71eaa84ad8c42aad2d963c2448ab12533326353a24759a167ac4bb1af4f469497ce0e76dcccc6120719d3a638534355b993b3a324be5654b7371d22241e2289dc9ae0c975bae7b59ec77427e819d3d1a3f40a1326fc7b23cef69d10f903f1747d73e344699e63c98bd456261af9333fb52bf84af78a7bfca4ba5fe2bfd87fca5a946d6d2415486d25001d16a5a84a7a4c0cea1425b5e4bba94e71b63b59a7db2bbd4ed8d2dc637b1358635c7a2bd518a4d5706a32ca0dd4d5e251b7d40e3676f043412975ac84252073b2dc14441acfb3a5692cb7c49acb6346cd55542841a402b8eecb45b5c7105f5a0b639d88ab23244426378345ae9fa5a57cb04095dba9be4e2e4f82bb5b3168703aa4a4ac34a5a492a32b282710403e769442ae94fca81fc0d4bcb6df025cbb3f69791cab00848d0e2c18bf2ceb51b28d34b8714c544354d662d956d6ebcfad09524a9d44a2024e32714e606f19e755d1a0aa8ca8f95fa7a11befbae9acaf991aa62e8b6a9bc2fb287531e695a52e7813d87a6b2efe955ab7c6d3bdb2f6f43669bae75ecba29a332df24d3f252e8e4f3e4d6063e501e6a72dd3064f7cd156c357769b636b9e199d05a7a351c6780cb7b3b6f25768c290e2c1cb102b482040483a10044558b4342a554ff002ffecbe51d5cac76c41176dc568b529613254830be51441078107abba8b8d145715b6290025a9be4f737944b766ce5a9d0a53492024a9338f002526084e7cecc452b2ad34973143d556af971935809ecfdd76f750168730a0f9bca999e909898e9a0351d2b456fe5c3fa07e92ed72cbcff00608da6b23edbdfb404e229184a44214065974e79d1ba1d34285b61dbea67f5095b29a7304c51c661d4843da68a8c0d7dd4cde0b210dc6b367766b1f38e49fb5bcf427c687b2ec7636349a2dd8c9b03772034a6d0300508246b9ef9e340ce4e46f5552afb02edb76b7c9f26065de4f13434a2907c64dac1e5fb4772969448320e94f1973819c39e0a4d289644ea9253ea398ad2a2594733afa76d993dc2eb615c8b5007a347e9150c06c718479a6d408b42c702a1d8b551342c44c3ea2fe70bfc9a9fdacff0d5ef14af59892e99f8a6f2db76b01e16b7940142024151010800938b3dfcea1d49f951b7642bdfba5e863adfb50fda6d4d8b124a92dc9482990e123095af4840048198d66ad55a8ae4cfb75b3b2cdb4a0bdcdb32fa6d29b55a2d189dce5227422308cc42465901baabb270c6117d3a6b7c4df63e7d8bb74321178db637a195fad58be29a53f296d4befa5b4623680fce3e4894a4341264c738b918c9d6233efa4e3f2648bd47df2a865a6fc53578336442501928139419505111c00c3a74d3a8661914f51b2e5544eb359426f675400e759d0bfe62a2857e91db4b2f67232a92d4641d6cda279bbd391c52c95b68c10206302483ac82a069e35a71c94dfab9ad4a82ecc23785d095de4c384641a529438a9b500d93edff0048a8efc41ac044e88bd427eddca22f4b52ef3284059b3a1410b11cc0981896551e74aa75dd11526a3b3ea54edbbed492ec16bbb0a6f1b504c739a616afcd2b49f5c04f6d4259d85f535e34b699edb8da35a17e4b67572612017149c8cab3084fd900667f3559556a4b902d76b5d4b6c3b84ad4faed375cd9890b09485252615cc8e5102339207ae9928a9e197f8964f4dbab3137b5f65f65868824b215896a32a5295c3a00e34446187c191a9d4bb20a0fb826ac33c721249006a699bc128c72cd6ecddce939abcc1a9fb4787550975b837b43a3dddcdc36e2621244701413964dc8d7b1610e269c7e72057dc18882a13c273a1e6f90bad7066f69aede59040398d2a3d993c3c183430b6f94428104613dff00ef5a1a47930fab56d2c9eb3705b80b2b124fa16f8fd81576012327b5190db34016a5c08e739fac927beada3ca01d4bce5ff9373fb60fe1afe14aef291e9afef4b3f2a465f601cc06898dd25644c7aaa3420aeaaf0d20d6c659d367b0aad187129495b8a8124844e148eced351b9e6582fd055b29debbbe4ed8ab23831daad4487ad05294856470e6a0003a0e0380a858f8c1669159cd96777d82177b9ff51b58ff000acfdd8fff00d545fe19756df8ff00c195b139ff005a5ff1163ff8e3e157afc33373ff00eecbf727bd15ff005b6bfcafd2aa687e132cd47fe6459a44ff00e647ff006a9ffee5554fca1dc78dcfb039ad9f5aef272d0b10da4a4a2755a8212040e009a92b1ecc14bd1ca5a9539762cd82f44bd78bc9490434c840fcc1654e7ea03f9699c711c9642edfa87004dff7c5b5cb52ac8c2793120052524a8a4804b856724a75d386b52af6a5905d45d76f75d6bf92c6ca5d4ab25b5c6d6e25c52da0e12267cf8e74efca9e6d4913d3552aad6e6f968c95aac6ab45bdd6d24625bce093a089f826ae8b4a265df578baad88b5b24eda18b5a5b4a17ce504ba820c46855d11a85542c926b25ba4f1a9bb67a173e516ea4b4ea1d4641dc4160698d39e203748d7aba69512c96753d3283f13dcc85108c74b2c39b3f7695a871577277d0f759b51a5a3d3ef91b44d9708006406959137991d7d50db1486e083339f4547b32e71c93b3798c412bd0e53e353567a154a97dd19cbead8869d7152005aa6728270806275f555337961754711e499a515a028ef1d54a233c67833f7f309d633240ef145695fcc66f525f748d5dd71c8b5fc346efc228b015d8cc6dc0fda979cf3d7dea07e34451d8c6ea5e722d94bcd366b4a1c5ce10083024e62262a56acac03692d55d9b996b6e6f46ed3694ada562425a4a6608cf128919efcc52a60e3dc27a9dd1b649c4bdb2fb642ccd724ea14b0927014c4c13252413c74a69d597944b4baf55a49aec557f6b54edada7dc490d32a250d24c9cd2415127ce51eea68d5c618f3ea2e57297a2f416cdb5e536d72d3c99c0e009289e704a60020e98b2d293a7e5c0df6fc5dbf1c03957c61b6aad284923942a09391208c241e1226acd9f2e0a27a84eff1092f3bfb94b68b5210461e4c84a8ef40cc48dc6a31ada86d2576a94ad5625d8d66cedf69b5db8b894140167c10a20e61c2a311bb9d544e1b238669e9f511be7f5066d86d3da03ced9db525b6d27095241c64148279c4e5e76e153aab4d03ebf5d38cb62333745e0ab33a975b894ee3a281f381ebe357b8e63832aad4ca13dc6ced3f28a9c1f46c2b94fc646007ac6645511a1aeecd79f558b8f6006ceed116ad4ab43f8965c0428889dd103808d2a72a535840746b7efb7cc1cf5e245a94fb44a4f2a5c448cc67398eadd53d8b6e0a2cbf17f89136565f9436f0fd2b2b0b8cf04149ea24823d7543a5fa1ab0ea55632d7200bc6ff4db2d0953e9c0ca010844ce673c4a3bc9eccaac8436825dab573e7b028b285bc423d1883d1a0d3a266a7d9022ad4a7c1b8b8acf8113f595dc370acad4599783aad069d461b8b8f38685933512e4a8a9aaf25a50b61111bcd45b64e2004bc9e50b6f252ac2429323303514e9fb96e328d09b4c8a94649b2870c00ef9d27a47be88d2f9803a8acd26eee6b38f276724fa36ff0040a38ce4b830bb76822d6b98f3d7a70e691efa22831fa9af98022aff005324762a42796f91a4d21761290e74d210948428a42341b1178a18b4e27541082952711d0130449f5555747283ba7daabb773ec54da8b421cb5bcb6d41482a10a1983cc48c8faa9ea8e111ea1646cbb7441956009d485c8934875c1d348420a438e9a71920e6cf593194fe2327a87fc50d7cf08d5d053be691b508dc34ac66f323b24945248ad6e7024664f401a9eaa832c409b92d85e52a10b4a0180542278c75525124e64d7dddea225b730131ba63aa99e07526ccc5f377a994a1c2a2a2920289e04fc0d348b62c25637b1266ab8f0c94914ef75f30fabdf46e93cc65751fc23d66e46a2cec8ff09bfd028d339763cd7e52123ca8c7154f5e141a228327aa798cb8a20c662d38c753343f627b1585c79585a41591998dc3a4e8299c916c2b959d913b172beb529096578919281ca09d0127293b86fdd4dbd135a79c9e3031775bc0e12d2f11495c467806aae802296e427a79ae1a341b25710790f8750254c85b4a564049500b99d247755364fd98768f4919c5eff5592b5af65d494b6e21f65c69c387950ac2849ce4a89ca323d9d352562f52a9f4f7149c5f058b1eca8c6cb81d6ad0c175085e0272c44083d198eda4ee58c22d8f4f6a49f744b7b6c79e51ee456d1c1ce0ce2970208c89cf29ce26a31b78e457f4d79728ff0040e56cb3c1f6d99412ea0b89589c3846b39757b42a6ac4972532e9f352da047dac2a524904a4949234c89063a32ab22f20535b64d11c54b04722d2222c522515966d367d29449262040e9de6b2f5966d3aae8d46652907ecef020c71acf8cb26f4a2d3c342a9a4939a413c778eaa5822b256b5ba13a654cd96453005f178b0dac25d7256a2151c27cdc8683ae96de0b93fa0dbc9416ca81cc149f7556c751c80aed7ca510699f05b85ee417c3854caceed3acd19a3ee6375678a8f75bb1a865a1c108fd228d33d2783ca3e51d245b55c0e7eb294cfb855f4193d4d3dc66851263b3a9c610d21d042c96b4a18b436665d0d8491f8564904f51aaa50cb0ba350a10699a03b4acac14ad24096969596d2ec2d0d842a524f4020d56e9790d8eb6b71e4659f6b42520a9256e85918d4073985af1b89206415a81bb3a7753c8cba8c71caff00e0eb0ed33487dc942bc994d061291e72509060faf1ae7d54d2a5b1435f0567d3181eded0d958432c34871c650e6359702711d6200104830741e6d378721d6b69ae2ab8f28b578ed834110d29c7545e439cf48404252a4ab008d7423d751553c9759afa947e4235ed2591b75eb4b41d53cea6302842126009278643b29fc279212d5d5b9d89f7f42da2f15d92c0853c11e5012a6d832144a540428c6e0333f94545d7ba5c1678fb28dd2efe860586714f380804f38eb1bba49ceaf9cdac2462bc4b93b915610ac2709318a329e134eae8a96c6f922ea96ddc97032ac2b699230995a4748a592cacf46b96c49559c4ea54540ef11cd1eeacad4c77f73b0e992755594429b372014a2a812499d0ce7ad02e3b4db95be2b58276ed895a4292641fee29b7221b1a295b2540d4596c64067b67dad60a95a92a38a7ae696e7825b90f6ed886969187104ee1fdeea68f7e47945b897afab0b4eb65d4001518b12778df238d5f28c5aca06ae528cb0646dad626ca777f66a7a4e182f5559a923de6ef1f44dfe44fe914581247937ca5ff00ddabac7e81e144d063753ee65851262b169c63a9084a423a9085a421690c74d21d0e65952a70898049e8035355cedd98fa96460e5d862504e809d7770127ba99d91adfccfb894652ecbb091d67754d24894a536b926b3d994e1c284a9678244ffc542dbabafcc3d355b3f22c9b1d9cbb948696dbe9012b3210a39c1107aab92eaf7cdea23650f94757d2f46d69e50b97732d7bd8790754dea3549e293a7c47aaba4d06afed356f7dfd4e6b5fa47a7b36ff0024164f489fef71a327c1452b93d36e33f408e007bc9359973f98ec346bee10dbca082282b3934aae198f5b6a61c2a44849d523de071a1b180e5868b1f3a03a107fa4f652dc2d84168bd5479a8199df4b23a8a22698c893afc69d0cdf380becfca9a5a5592338274cf22071a22b7f2e016f5879409beeef436d735cc46731970357e9e3c99dad9392593d92c1e89bfc89fd22af293c93e52bfeed5d69fd028aa0c6ea7dccb0a24c41c29c63a9084a423a9842d388ea423a9d45b7c7617627f263c9f29220ab0113cedda8e0683f1a33b7663b04786e35ef458b0de4a69b5a1290718324c93a6e1a0ca678d53aad146db6364e4d63d0bf4daa9420eb8c57242dda97c9968798a505461ce4703131d546bc67b83e278c60ddec8d8d0db00e789c92a5441048c939eecab9dd5dbe258d4df63afe9d42aa94d77617b791846f50cfc6b1f5ce31872f1ff66a579c989db6409655c52a1ea0411df35b1f0f45c62e2df1dce77e21ad2719ff00067aca6169ebae925c9ced47a5dd8e430dc7d9f89ac8bf891da689668423b43c8397706ba80b4ab2cd263ba6a9ee129b45272c2850c4009a8609ee63ecb7597048109e3e1c69d4469585d1742064493ddeea9ed2b760e55982400341a0dc2a51456e59667f68473475fc0d1747733f5af291ec76410847e54fb855c547927ca48fda97d69fd144d06375332828930d8b4e31d48474d211d34c23a9c475210a2a388be445fb35d4e2db53a91cd4c49948f3b7e674a64d67b0446b9b836fb1a7b82c0dc36f2202c24a54325256330a07819de2b8fd6f54b34b74abb395e8759a1d15164236c51a5bb50dc8250313630a000010159933c2ace9daff00122e7261d7e9a09e22912da52990008c89ea8d0536a655c96e8f7274b9f317d8a612626b92d45965f99bec82626276c2d214ea503ea093d6a232ec03b6bb7f866a9aa1ca7fc1cb7c41766c8c004daa1493c08ae93f29cf41ed91e8f7290584e7a48ef3e3593a9f31d9f4e9668475a5e806846cd48c3940abadee59c7403032ddc37f78a8456517cfe52e5cd7605248592485a813a6498390f5d4e102ab2ce034f424408006429e5c1426df25359a8e49e0aee9a742c728ce5ff984f5fc28aa3b806b3b23d92cfe627f28f755a567937ca70fda55fc9fa4d11498fd50c8a68c30bd07b4d95184892741a7beab949423bdf62c841cf118f727b4d856da429692992400410721af40a168d7d5a896d805ea7a75ba759995228e6b1dc03b8b4c31d4e23a9085a6c0fd8910e10089c8c48eaa58f51f7bc602db3d7c86494afd1a8cceb84e84fe5c848e8158bd63a5c7570dcbcc6cf49ea4f4ef6cfb3362d5a8118924e7a292652474f4d723552f489a71793b1aedaed5c34482d0049d4910664d0b0bef794a3dcb1c147d5016fada14b630a0e25ee1331f9a34ead6b43a6f42befb178bc44cdd6754a74b0718f2d98b71649249924c93c4d77b4d51aa3b23d91c3df74ad9b931b56951b7d9a794b6ca531c64e82447c0565eb219793aee8d6271c04fc89b0463959d4ccc71c92280c6393765297640d4be556b7024ead0811c0c9802a192e715b5642db3c0e17147ede5d230a49efab6b07bdaec8b168553321145551a8932b3c72a742c72672fc39a7acfba89d37733f59f94f6763cd4f50f755e40f28f9511fb493d08f72a88a397831fa9e1a31e9a2b31f566125c84ec16123e95c49086c628396239e0006b13afaab1b59aa8dd254d6f86741d3b4cf4f096a2d5dbb07ac77db3686f9074605b920ad5050927450274cc695451d365a56e50904cbaa55aa4a13467efbb0a1977036b2b4c020eecf811ae95afa49ce69b9187aeaa154b1107d15fb80e0ea6ca161894f9185a5b90e74d2ca1238d3a17239b7549cd24a7a891eeaaecaa13ee91742f9c3cb2687aed2e2b55acf5a8f8d57f67a97e544deaed6b0e6c862aff0097b2ec50e5293e793a90cf3ea745218d06cb5b302a3ac7a8e9df426aa0e5178363a5dca1624df7357ca4a876562a6dae4ed3d380636dc3e567508807d755fa843c4a08d0d81bc0ca474623d6a3344c56100cde6442e9a8124565d312453b41a6c9248017b9e723f37c28cd2999aefca7b4b4321d42ae2b3cc7e51ac8a76d452889c08399dd9d467abab4b0df302d5692cd44b6c40165d9e7641948820f1d0d675bf1169651da93e46a3a0ea2b9a936b80ddaac0b70292a524248d00df33333585a7ea15533dd14d9b9a8a2ed4d2eb9b497ec57b26cf250a4ab1a8a9241190891c4451577c49638e23103a7a0d55cb2f2cbb6cbb10ea829c952808e19750eba0575cd5c53c348327d2b4d369b4d8d4dccc0fdd8f7d54fac6b25f9d928f4bd247f2224176b5f769ecaa9f52d57fb196ad0e9bfd68ef9bdafbb4f6537f93d57fb18ff0060d37fad086ed6bec27b0549753d5feb633e9fa5ff005a23374327f769a9aeafab8fe7656fa5e9a5f910c55c6c7d8ef3e356c7ae6aff00515be8fa6fd244ad9f63811fcc7c6ac8fc41aa5ec54fa1e91fa32356cdb5b8a87ae888fc4ba95e88adf40d2bf72256cba772d5d80d110f89ecfcf15fc03d9f0e55f964cace6cc2f72c1eb114543e26a7f344127f0e58bcb345572e07868907a88f8d1d5f5fd2cbd70073e85aa4f8592362cceb6b04b6a037e523ba8d8f50d35ab1bf19068e935344bc9935d6373184281cc1123a6b36faf64b8ec761a2d478b5acf7435d64e23999263fbeda1f1f31a1bbe5344ee423808a27d00fbb28baaaadb2c48a8eaea2d96240cb4bd9f4d473c9646205bf9fc25b3af380ed20568691189d4a7b5c17d4f716bcd1d43dd568c8f3ddb7245ae465f469f79acceacb340468966ffe01cd5b9406601eeae4bc1ccf06ebac26e5ad86d29e607d644a893cd4f401b8f444d6f4569b4d04b0a40aabb679592e865a75853cd279329c5299e6929cc8234d3422ac9e8a8d4d0ec8c76e0a7c6b2bb556de7205f2f4f035cd7d92c7fb1a0e1b5e11de5c381a8ba30f02d8cb1652b74c21b51ce272091d64e544d1d36cb5fca5564d4396280a2e9680958241cf9a2332493a08fef4a9ae996cacd9ec339a50dfee73861214987125586513e77020e79ee352b3a54e294a2d35921bd76970c93c9d52a48282b489280ae76424ea227a2ad9747b1670d67d84ac5fc14fcac74d674b4d34cb7611bd7921009548157e9ba7dba87f2b28d55f0d347337dfb15acd7d85930dae06724465c403ad6bcbe1cb14373973ec6447ae272dad17136f49cc026b0eed14ea9ed66ed538dd0df162aad606a923af2aabecf226937ca13cb87034ea89761f6c90f1691304149e914f2aac83cfb11db17c14b1722e7e05f7575dd33571d551e1cbcc8e7ae8cb4b76e5e57dc2ac378d683bb23d9ff156ec6a78669ab22e1b93e184ed2bab24571c835e72a965f14547955164d200add2ab4403920779a832dc7053be112eb09e2e2076a856ae8f95239ceacfef20bea7bc0a997184f94063e99a5c6450a4fad2a04772bbab2babcb1405e863f7d9fa19c48ae69f2cdd6f0cbd775dc5d93385b4f9cb3901c6389f756869b4129bdf67081aebd57c2ee4f78de88c1c8b3cd686a77af79f54f6f5517a9bf10f0ab4f05545597e24fb959b77248946fd40dda49e9aa2be62a2d962938b6c8dc67eb624912065d533143df42ee8b23671c92d8550f37998e5539498f3c6ea9e86c9ab52442e8a956f216b391e53691f58a151d82b560bef66f3c824de6b8c5152e704d9dd09d4adac3b863ca3dc2a1a08ca54ca2b8e7827a8718d91f52df2e85b8b4a0e1b4c61c70709501ce81391dd26ae938ce52c79b052a2d72fb641f77ad80dab941cf4c88ce6680afc0845ab17213276392dbd8ad63bd12d2d32c8503324664466323fed5a7d2fc3706a2b0cc5eab39576c5ca39459bed4dbe90bc7c941490461c396667293232d72e15ae9358f7332e75cb2f1828dd6b485cca627239c44e71ead2b0b59e14b51966d74bf1150d05ad7684658ccf46107af299d38f1a1b76963279e4352b31c10586d0d873100129800039662273dd3437dd39e54782e9a9ecee3af7b5050321338b2c39c27a4fc29af6a52785c0a98ed5c91610a400ae159555b2a2cdd1f42374236adb244560b696158579a371d62bafd3eaabd5453cfcc62b859a5961f310b39680a120820ef153b20e3dc3aa9c64934ca2eaaa80b440b8a663a60ebb2e870ad4b3840528999931a0c8755422b2c6b2d493459b35d695de167419560525677692bec848eda2e32943625ea64df1565b97e87ac51430136aecd89907ec281f51c8fbeb27abd4a547ec11a696d918b7b08c881eeae56b9c93e11a8e59f51e8bf141212148c2328c02b5abea76c16300f3ad4a59c912efd56f0d7b1fef537d4e735e543f8693ce41c95a471edace95936f25cad9258179548e34b7c9f743ab643dab4241041320823ac1914f54e75cb74453b372c32455e1f49ca6221733232dd1a69eaab56aef53ddee5788e302397915003140071009010317da30333564f5d6bfa11f957989be75324e2188e4541290ae9e70134bedd763085b57b9454e238f7d0ce76c9e5966f490c2f20ffcd5b4ea2ea659895d918df1c48605a3892384d1efab6a9c70c021a0ab39244ba8e3df59b2b2c93cb669d72f0d610a5f47f66a1998fe2313ca11fd934f194d0bc46c70b5a070a52763f523bd21df380e3553a9b1b299c6f1491990455908d95f31212d92e2441e52139b6bc3d1a8ad5a3a8ce2b162c824b4918bdd0781c2f43f584f51f81a356ae99f2b81d4a71f373fb1c6f44fe2ec353dd19f664fed0bd9846cf7eb6948090a5ab800476935656a305ccb081adbf3f2c5770f6c2d88ade76d0e79f901c13234ec1de69b4d6c3516ca71ed1e111753ae387dcdc5689020b6241428112309aa75093ad8f0f3184459905ccd0939f01586ab835d906c9bc1a055d6c61f42d7b09f0a2bc1af6f957f4529b2037633f72d7b09f0a8c6aaf1e55fd13cbc0d72ec660fd0b5ec27c2a2aaaff4afe865279283977353e89bf613e14cea87b2fe896e63dabb99fba6fd84f852f0e1b5f088e5e47fcdacfdd37ec27c2a4ab86d8f086cbc965175b31e85af613e14fe157fa57f44e2c5375b1f72d7b09f0a8f850f65fd0d97916c375b39fd0b5ec27c2ac55c7d9106d9785d4c7dcb5fe9a7c2ac75438f957f44773f72717633f72d7b09f0abdd70cae17f4432c6bb75b1f72d7b09f0a8d95c3d97f44949fb88d5d6c7dcb5ec27c299550f65fd09c9fb921bb59fba6fd84f8559e1c3d97f43293f713e6c67ee5af613e14cab87b2fe84db18d5d6cc9fa16bd84f854235c73d909b65b1626e3d1a3d94f855bb23ec365909bb999f44dfb09f0a8a8473d849b1afddac9d5a6cf5a13e14d2847d90fb9917cd6cc7a16bd84f855728471d89a93f702dbeef682b269b1fc89f0a1dc239c60b2ae64f21bd9e692968e1484c9dc00f7519a38c631f95601e4fe60c51c40fffd9', 'Pampersy', 25, '2015-07-09 00:00:00', 86, NULL, 5, 2);
INSERT INTO product (product_id, factory, filename, image, name, price, production_date, quantity, type_id, category_id, type_product_type_id) VALUES (15, 'Garnier', 'Garnier.jpg', '\xffd8ffe000104a46494600010100000100010000ffdb00840009060714121215141214141514151514141518141516141614171517161714171514181d2822181c251d141421312125292b2e2e2e171f3338332e37282d2e2b010a0a0a0e0d0e1b10101b2c241f242c2c2c2c2d2c2c2c2c342c2f2c2c2c2c2c2c2c2c2c2c2c2c2c2c2c2c2c2c2c2c2c2c2c2c2c2c2c2c2c2c2c2c2c2c2c2c2c2cffc0001108010300c203011100021101031101ffc4001b00000105010100000000000000000000000002030405060107ffc400411000010302030406070604060301000000010002110321041231064151710513226181913252a1b1c1c2d12342436282f007143392637283a2b2e11593f153ffc4001a010002030101000000000000000000000000030102040506ffc4003a1100020102040305070303030501000000000102031104122131054151133261718114224291a1c1f023b1d13362e14352f106158292a224ffda000c03010002110311003f00f71400200100080040103a73a55985a2eaaf92040006ae24c003f7b8aaca4a2aeca4e6a2ae6699b781c0914200123354039cc34801629e3d45d945b17db5f911297f12d8e2432931c46b15a7cbb175678a9257707f9e853da3c3ea2d9fc471306811fea4fcaa7dab4be5fa82c4f8160ddb66913d53bc1c3e895ff718738b19db780ef446da51af5452c8f639d605d9627858ad30c4c64d2ea4c2aa93b1a75a06820010070ba10032fc6d31ad460e6e0a8eac16ed7ccae65d46ff00f2747ffd19fdc153b7a5fee5f30cf1ea38cc6d33a5461fd43eaaeaac1ecd7cc9ccba8f0703a2b5c93aa40100080040020010008004002001000803cd3f89bd279eb330ed3d9a633be3d770ec83c9b7fd6b26267f098f112bcadd0c06d05492ca2e2f0c7b6a1390c1738086036f464c9095838c6ee6f7464ad51c23733bfcdff2e7244917045b55d16f32b7232c69badfa89d8d250a85cc63cd8b9a0ae5b49368db3562cf078a744668fdee59ea538ef62549b5b882e736a07b5c6c4107bd5a2fddb58b2d1dcf61774eb1b85fe60dc409035cc486e5eeb95d35597679cdb2a89473144fdb17bfd06b5bce5c7e9ec5ccabc42aaeea4bea23da2fb112b74d5576b51ffa4e5f7059258bad2de4fd3421d46447e2b36a09e6e25265372df5f52b9c4f5adf542afbbd09cde01d70f54799469d08cc1d6b7d5f69469d0332e8299890dd011c9c42b4656db4f5273224d2e9aa8dd1f53c5d987914e8e2aac7693fdff72555b161436b5e3d26870fed3f4f62d50e255177927f42eab9a0e87e97662038b4105b1981dd331077e857470f898d64ecad61d09a9ec58ad25c100080040020010008012f700093602e4f0035410cf17389fe62bd5acefc4738fe93668f000792e362a77774624f336df322f4bf448a8c0d792d2d32ca804c731c38854a1887195e1ea854e1a5a4509d960ea99aa540f00c656074bbdb65b1e31b5a2b798528aa6ac9dcbfaf83259a650d161be3e0b1c2aa52dee4cd37ab21d165d3e4c5a6583e8f656752d46f22e3038f270388a24e868bdbff00b18d77cbe6b4d397e9ca3ea467fd392f1431805ceaa2e1b939c2cb38e7b1c01436163b0a09390a402100108b858e16a9b91611502b44ab34db01f8ff00e9fcebafc3b797a7dcd386e66bd750d20800400200100080040143b738ceab05588d5e0531fea1ca7d849f04baaed16c55795a0cf30e8f6c05c5aa62522fa936d75cd93d47a1429b7b9573489d062b33c93612292296ae1a1c6174233ba323d18a350c28cba97ce334ddac7ef7fc13361727a9678337592a9686e58b859676693802a01d841272149010803b0a0939080b0dd40af117234bb01f8dce9fcebb3c3b797a7dcd186d99ae5d4348200100080040020010066b6e035d4e9b1c0197e6bfe5047ccb9dc4aab8534a3cd88af6692329470cc6e8d1e33f55c4eda621423d09430ede1ed3f556b17ca8eff2ede1ed2a6c196225d41bc3da7eaa36232223be8b7d50abdac8ab847a0cbe833d51edfaab76b2ea51c63d06860d9c3da54f6d3ea572458d5110638264f557151d19647459d9a8e05424ea09388200200ec28240a006aaa6445c8d26c0fe373a7f32ecf0df8bd3ee3f0db335cba86904002001000800400200c7ed7d49acd6faac9fee27e8170b8acaf5231e8bf7ff00833d5ef14802e594253745a16c580a0812e50c08ce492ac6dcac8a3112ac548af10f3e69cb58a112ef327036486695b00542c2941271481d0a0052824e1410c66ae89b0172349b01f8dce9fccbb3c3be2f4fb8fc36ccd72ea1a4100080040020010008030bb42f9c454ee81e4d0bcdf1095ebbf4334bbccaf0b11049684f57240a9204b9558119c94546dca51563655c591f11e903dc9b4fba2e7bdc954cf652a5b8e8f745b52d964294160401d0803aa0b1c2844319aa9b1dc548d1ec07e373a7f32ecf0ef8bd3ee3f0db335eba86904002001000800400200f3cc73f355a878d47f96630bc9e2659ab49f8b32f3632025580905d03429f7b2244e6517d081247b5434030fd52dee5588282ac4382ba655a2362741cd369f3153d90f513d95596e5e3dd1d6a55ae310bdf16998804120f02068aee8d456badc903bee0444c903d298d4efca7c94aa151b692d893ae1024d876bfdb39bca0a8742a276717a80a73635b6a35136d606fd1476153a13713af0b41b11bf4532a1522aed10c62aa888b91a4d80fc6e6cf99767877c5e9f71f86d99af5d434820010008004002004d474027802543764433cdc3b7ea758369df0bc829acf99ed7b999125b888ed092fb905f9a24c4c80f31a1d20769741e269a6a4b57ebcf7ddff0080d4923150000decc3b526449711be0d881a6fee4e8e260bdd5b5bf342d71a757d4c4924f08700ca81a4f79ce01b6e9deabed14f56d6ff00c35f722e75d89133da24b9a4cce81c0c8ed900c5ac14fb4d352bdefaf8ff0036f9104075626419f4a7d2738104347de24882d3616dfacac75abf6904b9fcfea504159804b94a2ac8d891d9f109d4fbc2a7b0aa07b289ee10d8914e83dc01603a82081225a6473b8d15e953ab1929a8dc6a3b4c91e1ccc469126dedd02bcb18d68a36f969f42c84343866ed5dc1a018b8c99f2cde0c678d3ee851edb2b2b2d79bebe9624e3a9933a5c3c1b1839b3c189b11d638723e5678e77db401c132493a926c5c2249771bc127d9c143c737aa5afe787dd0340dcd0dbcb72c774b3b322f6d088fa2ad7ad3947df564f55f9fc831aaab3c45c8d26c0fe37367ccbb3c3be2f4fb8fc3f335eba8690400200100080040117a51d146a9ff000dff00f130955dda949f83fd8acfbacc5609cf0caa69c66686113045b3cebc82e26073f672c895f4dc4722454c230be017daad363a72dfad0082c2384e8782bbc1d394ee9bdd5f6e6afa16cbadbc4561b0a1e5e24820b037bf3388bf928a5865352d7676212b8de29b4da728eb0c112e1963519a01ee98559d3c3af75c9dd7911a0ce35b4baa0f1d776db532ff004c41612d39a0dae374abca8508a8caf2d76db910c31b4c66aae717bf23dac394343892c6be4e8008704cc461a39a539b76d362ac82e23eee68fcd13e3165cba9913f7362049552063103b27f7bd321de42e6b463787363e0af3dca4361e7c7f2e25c411d7e580e370e745c7a3baeba2dfe9c1e6b69f31cde8b5e44fc436cf96b437ab05ae021dd6102d33799274b428af4a9e595e296d67d5be45e7a5c4cf6e8d87685391020e665ede32a9d943dad46cad6dbd0b3ef5bf36146ae5630b5ac97b45425edcd675c340909755c30cd472a6dabbbfec8a89c3d6396a02da64b0532d393d773c1cd7bd9a3829a7529ba529f671d2dc895b0d61ea343599b234bc56825a034bc557344f7c0b4f05a1429c9465657b689ec165f41bc40768e89ee103ca573ab5d54b38dbc05c8d16c17e37367ccba7c37e2f4fb8ec3f335cba869040020010008004015bb435230f523d58f3202cf8b76a32f21755da263081d53c1825c1847866dde2b8316a3424afbb5cc4f22656c7373dcd99529d464030f6f67ac16d5cd8244dc83025741d6a729eebdd69efbe8afea8b5d5ee3dd6369cbdaf6d497d3700c3272b5ce2ee461c607144670a17774eeefa74b82761aad49865eda8c2d3245ce6e5975959eb5057735256dfc4821e29c0e1e98904815a44dc66792d9e162a2ab592924f6bfee887b2138d7e6af51d4aab58fec804b865a83282091a3c4e61c45f495aa4e7dab95392b74b95e6da138d734bc96e9dda4ef85ccc5b83aadc36fb91a72182b390355743c8a64774525b11f0fa1f04d9ee2a3b0f364d3c9104759066c73b891cb557ab56328c12e43b7448eb4e62ecbd9735ad7b0bb7b4435ed3101de171c8274f1b0937169e5686377bf88e61ab80199da73b006b4870ca72886923598dddc8962e966ed1279ad6f025bbebcc451ac03431e330659ae0e0d2d6ea1ae046edc78478add7a5562bb54eeb9ae617d05b5f05f0043c307a576e42e3c2f39bb9255782a73825bdade1601904c35a581cd19c119e09cef2f9f4637911ede2dede8ca31524f4443f10aa64000406b43409980d16bef4aad5bb59e6f42b2d4d16c20bd6fd1f15d3e1bf17a7dc6e1f99ae5d53482001000800400200a9da474507f796fbc7d164c73fd090baaed131a17987bdc4a1ea6e66f0ef023e89d074b9a7f42466a35f9ea169ec648a60e59cf6ed39d1a6a22fbbbd6b4e869a32065b4eafd8cbc18feb1cadedde3b23ee9883cc4688fff003d9efe01cc99532eecde30912ecf95fe80447eab3bb15624a08385490c490ac8ab22d03aa74c4c4b0a58671dded08787a8f643e248a545fb80ddea1d6235e614c69565ddb7d0ba23f497441ae6997e94df9846502441131c080472e69f07898a7a2d74e41cee471d001fd719338882f32d980490008b092ef0b6800042ae264a2d5b4f2fcf90589f86c03a9b194db01ac686b4122c05802754b9d3c449eb6d7cbf824ebb08eeef34a784aaf5d008f5a916ebbd5274a54ed98a3343b102f57f4fc575385bd65e83a873356bae68040020010008004014fb54f8a07bdcd1f1f82c1c4656a0fd05d5d8c9e16ae533aeef68fa2e0d1abd9cae24967a504fa205ac277da0c782dab16e5aa8839244a6749b77b04db87ef8a74712ad7702d990d52c7b403d99971234b025446ba8def1e65732387a419ea7bb740f8051ed308fc019910df8c075689ee8e33edd0a4fb5479c7f3f372ac82b0953854907029022511aad1211127d2acee278a5bad35b31f122f4a74b750c6b8873a5cd680d8d776bc82d183a3571537052b595f5f0b7422a54c8ae4576d586d23522a0cafeacb64021c01ef85b29f0dc4baca929ad63993d6d6f90b7898a8dc454dac0d8003e0d365410e02cf2db7319bd8ad4b85e2649daa5ad29479f2bbfad81e262b90fe37688b1ce610f2e6f579466f4fac3bb9149a182ad5a9c6a769a3cd7df4cbd7cf916957516d58b5355deb1f32b97db54ff00731f61b7927532a1ce52dd916345b15ad4e4df8aeb70ade5e8368f3354bb23c1000800400200100516d71fb268ff001072d1daae7f12d68dbc50aabb232b0bcf3561667fa7180d7a73ba95423b88b82bd57fd3f39468cadcea417a3dce4f1149ff00eac96caf35019fba07fb576961f2e0e714b4bc9fca7fc2391dbdf151937c92ff00e7f962ba32e5c38b7e891c764e9d1538eea69fd0bf0859ea38be71b7d45e01a4b8cfdd197eab171eab08d08aa7fea3cefd12ff00069e1309bab273f8165fab25397906775894100a40004010a9ea7f7bd6896c8ceb7265359e43e253ed634f56c201315584c024c09dc175782b5db493695e0d6ba741589d97999f7616ad496b58407d5ad506669160db4f0d4c77aef2af428a529493718422ecd6f7fb73f031b84a5a5bab23ba854207d9bed498df41db9e0f0e0b4c6ad18c9acf1d6727bae717f72ad4afb1a1aec15b1386a818f8ed071730b632096ccf795c1a52787c1d7a529c6fa35669efa3b7a6e6b694eac5d8d2af3a6d385041a3d8cd6a726fc576784ef3f41b48d42ed0e040020010008004019fdab934d9c33df94185cee257ec9798aabc8ce546c5bcb91d3e2b89515b4165274cd3a79e99707971ccd6869891aba576b81d4aeb3c69b8a8ab36e4af67b2b1cec7c6164e49bdf45f51e1d5f640cddb3986969b415d782c72ed5b71fd34e2f7d74cd75e3a9cd9fb25e9c6d2f7de65b69cacfc04d2c81d62f1a8dd0613ebc717569fbea9caf6959a7a5f44c4d1f66a753dc738eeafa6b6e449c1381cc40741332623c17138cc2a4142152516e0b2d95ef6b2d5dce9f0d94259a708c9293bdddbe4ac3ae5e78e9b128201000100884dd4f33ef5a5f7519f9b25d359e43e243e9faee661ea39861c0083c24807deb670ca50ab8b8426ae9bdbd0a57938d36d1475455a542a1eb4915051c92f25ed2ecb9ae74d4aecc3b0c462611ecd27173bd968d2bdbcf919659e107aef62baa63aa1652edd4262b0395c6496c96937bc5bc174a184a2aa546a115ac1aba5649eff003fdc4ba92cab57cc99d1955f52b3331ab53ece99ec3c800c8bba489037ac98da54e961e4e0a30f7a4b557be9b2dede03293729abddec6d178e3a870a920d16c66b53937e2bb3c27797a0ca46a1768702001000800401c250066b694d980e87346bba2eb99c4758c575626a7233f9e7c2de0b85295fd0a22a3a64115283e090d73e6d3ab6d3e4bb9c162aa46b51bd9c92b6b6d9ebf239f8e791c276d15fec71f99c43b2c65c9222235d02f4d868d1a317454dcb339d9b69df449ddfa591c3afda5492ab96d972df4b737b0968d0deee75b769ff0069ce51945d3d34841dd6fbbd3cb4fab1118b52553aca4adcb625f45c46a67783a0bf05c0ff00a8fb5752ee2b25d5a4ad76edb377b9d7e0d93b3b6679b9ae4b5e84a72f2aced312820e2083a10c94411e91e6569f8519be26496d40352073207bd2f24a5b21d1690cf48369d5a6ea6ea8c01c2273b6dbc1d7b968c22af42b46ac637688a9967169b2bf0fb284997540f25d4c9b087369880d89e10ba8f8c49fbb4a09692b7bdaa72d5b12b09ce4c9743621c1d21c626a102058546e5817dc9d2c762670b6457b475bff00b5defea4ac259efd7ea270fb24fa0e0e155cd801a7b22e0198ba4e2f1f3a9071ab4a366efbbd1dac4c30ae0eea45bb82f38e36358828219a2d8cd6a726fc5767856f2f4194b99a95da1c080040020010034fd79200ceed618eae38bfe0b93c56568c6dd44d5dd196ad887f5cca6d2c199ae7196e6f44b0181237389f054e1984862549d4e56dadcefd53e8679ca59ad11cc2547baa526c34f58c73ecd2d2dcb92c413f9f80d16bc6709a74a9e7a776ee96b6e77e8bc0a42a49cd45f3573463074d9e9c4f058a7ecd87feb3d7f3a6c6f85094f6422ab28c5d86388048f61512c46152bb4edd6d75f4b96f656f4d2fd08788c208ccc8737ba7ea97568271cf4ed25ebfc889d3707692b15d502e7c97416c6d4100803ad50c9440fbcee656bf85197e2655748520ec5d3ccd6b8752f90e8882f6b6d3bc660bd070476a33b755fb0b9abcbd0e748610370f57b14a4b6ce1965b958cf1fb9534d4bdbe1dea72f7915a91bc5e87a1d0a228b00025f0249dc7eabc5d7a8b0c9c692bcbaf43b3428a7de1aa95dc4c3892384c7b9729e3abb9da6db5e7fc58dea8d371ba1b35dcdf44970ded79cd3dc1c6e136963e49da2db5d1ebf26565422d7bcbd57f047c435a46767a26c41d5a7782b45684251ed69f75ee8e755a6e9cb2b21bd62b598a6cd16c57e27e9f8aed70af8bd0651e66a5760782001000800400dbc6f50066b6aae69c7077cab91c555e31b7889a9ba32b8cc33cb9af61a72d0e6915199c1060daf632d091c37884709994a2da76d9db633d4a6e4d345a743d0730f5f545269875360a4d709cc5a4933b8645d5c671787b2e78a7ab56bfe79b1b84c2ca756eeda27b7a7f05854a8d20de4fb7c5791c43a324e49ddbfcd4ee42334c435a40b25c73c209d276fcfce44c9c5b6a447cc5873375fbc373c6ff0015a705897095e3bf35d57f252ad38ca3965b72f0ff000318ea603a47a2e008f15bb1308a92947bb238b28b8c9c5f221ac65010075aa192883f7ddccad5f02333ef31cab84654003d8d746998031e6a91ad529bbc24d790cc8a5ba2cfa07a268b4baa0a54e5824761b622eba185c555cb3a939b692e6d8da5420e49244a151f1e95fbc0d579b58c95eedfe33bdd92e8354f1041ed88ef171e3c15e938b9a95cb4e1eed90f541691fbe48ab4f2fbd1d17dfc05c1eb6622809ce38b493cdba1f22ba780a9da2941f357f55ccc98d85a3fb15af293d0e63349b11f8bfa7e2bb1c2d77bd0751e66a575c782001000800400200ca6d4b32b99e24701a7d172789dad111537452012b8766dd882e2bb629d31ccf0bdbea99c5d4a387a515fddf63a380b5e4fc889569e6fddfcd70a151f33a4ac87195b2c071b699b87f9974b0f5ee926ecbf34133a79aed2d46ab3b781bff72b3af7679a2ac97d89495acc6f17fd36733ef2bb72967c2425e7fb9c6c546d55a20b96596e6605524eb54325107f11dcd6af81197e364ca2d49b5dd87c4b0abd20cc3b0b08cd51ed2728b0683a662ba59153a1284be256f2b8fa4f2c93e850d2da633db637282272933a0bc1d755ca9f098dbdc96be26e8e36cf545e50ae1e0165da47ec10b97384a94ad3dcdf194671cdc989a4dcaeca672904b46e07780b553946a47dfe45677b5d6e49a4233bb70691e27ff8b6f0c5694ea724adf3316367ee25d4aaa82c8394cd36c40ecd4e6df8aed70bda5e83a86ccd3aea8f040020010008004019ddb036a7cddee0b93c59da11f315537451e0c099768d05c7934495cdc1c14ea6a50cd749631f5bb6f3a3ac37344e838408e6b4cea39ceec72d2249e84e93767c86ec74412743dddcb9b8ec245d3735badfc7fc9af0b5de7cb2db91a47b042e245d9a68e85db1145e4b408b8b7332b7b94aa658257e82e4926e437d2162d67aa2fcceabb15e2a9c2141725afdce2569e79b9104ac6ddd8a38a00535432c8823fa879ad5fe9a32fc659f46b65ed07d60a70e93a893ea3e267ba42bcd67b9fa97bc1e409000e41a02d752f2932e9db72b7ab351ce736ec2645e3358768775be2a7328249ee166de869b65010c788801c3cc8bfb82e1716cbda45f3b1d3c13f71af12e7f947bc88d01049d001bee9783c2d4ad7518bb75e5f334d4ad082d4e63aa003234c81771e2575a7928d35469edcdf538f56a3a92bb2b6aaca9dd8891a8d8a1d8a9fe61f15dde18bdd9798ea3b1a45d41c0800400200100080337b607fa5fafe55c7e2fdd8f9b155374526199983dbbdcc734732d30b0e01fea5bafdc5bd8c3d2c5758f2c040162f3bfb9bcf8ff00dad32a7915dee354b32f02eb01d1d9ea3430cdc5a4f1dde52b2b73a8b225abd17f9194ed19a66c7ff1c77c79fb963ffb1e2b44dc57aff8373c6c371a3968ce5399c77f0e4174e9d2a5838e8f34faff00062af89954d3915559d73c49bac1524dc9b7b996c3496541048a6a864a207e21e6b5afe9a32befb2c30ef83c8c84a84dc6573422b769b675f887f5b46ec741a94c466cc3589d41dfbeddf6ed42519acd0dc1ae8181e86ae60756e60f59fd9b78fc166742727b174d9a8c3bc61d818c876f73891da71b5af6161e4a655a346396167f2dcb5c63118e7bb5740eebfb963ab8ba93d1bb2f02082e2b2377d881aa8a625246b3635bf64e3c5dee5e83862fd37e6368ec681748702001000800400200cd6d8fe17ebf9571b8bed0f515537450517c195c7a73cb2b941357a1683de5e09a4e7497068191ce3aba389df75d875a9d6579e8c84adb16185a54e80390924d8bcc4f26fbd533d2a4bdcddf3fe0b5c6ea6267ef3a3769ef959655dcb9bfcf52060bff007bd21c808ef4a21895041d401d0a1928af71fb4773f805ad7f4d1925df64e0b333521fa5548fdc2b46aca3b161ea98c711724f712992c4ce4b56495b8daae9119b4fbaccc05fd8ab0b4bbd6f9d8a49b4c633d4ff0010ebf75ad3245a0156cb0f0f9b22ec5328bdc2efa8dee3967d8a1ca317a24fe61ab1ec902249ef3aaa5eeee448daec936280ef715e8787ab51f51f4bba5d2de34100080040020010066b6c4de97ebf9571b8bed0f5fb0aa9ba33c17111416c711a1239184c849ad8914fbfd4dd5eedbbb208270779861f03ee57cda7329940e14d843081dc66e64ef467f323289a981a64c9684beda6b4b93950f251274200e85059158f3f6aee63dc16d8ff004918e7df658b77725919a50b552e5556e90aadaae1d592c04c38071b4335804da5c6daf82ea53c261a74632cf69735a7f76d7eb64b5db7e664956a8a6d65d3d4e0e90ae44f531ad8924db3fbf28fef0a7d8f089d9d5f5d3c3cfabf9076f56d7c9f9aff001f525f4357a8f7bfae616343464dc4ba6fe3bb828ad430b4e2b2cb33d6ff004b78752f46a549379d5916b5db4c0304ea635f0bc244e14126d7dfd390f657d52b3445c8ddecd3230ecef04fb4af4d8256a113553eea2cd6a2e0800400200100080331b63e952e4ff7b17178bfc1ebf61353745005c5205355a2047ad41c5d2d786cc589d6274f33ec5d9c2626842964ab0befaf9b8bf969f6e660af42b4aa66a72b6da7a3fe7f2c77a8aa63ed1b3cd9e1a84d75f05ca9af57e7fdde5e972bd862b9d4fdbc3fb7cc5e05b51b503aa169689b0734eb11ee456ad828c12a51d6e9eb6d97fe4c9a10c4f6b9aab56b3dbfe1125f599bdb0622c440b016bf35cfed295b58eb6e56e9e66c644719262c372c7369c9b40815093a14128a8a8efb67731ee0b7c57e9231cfbecb461b058e4698ec8582a85c6b10c798cb50b009d0033e69b0a8a2acd5c869912bb6a8b8aae7490206510d83c4718ba746a45eebf72aee88b5eb5598cc6d127ad68b0b4e969f784c8a86eff6645d8d52cc6a0ede6ed34c75c2604124b46bbeca6595436b7a11a96f58ac910933d1ba259968d31f942f538756a515e06c877512d38b02001000800400200cc6d88ed52e4ff957178bfc1ebf615537467c2e2941bab8a6b0f6a7c1a4fb9361072d510e4909af5a91033f7c48770bee4d8a9ad8ab717b91aa32918ca5b24cf6b35c696e17574e76d48b2e447ab19a33538371e9c90018eed0ab2bdaf67f42a5657eaf34f594e088839cc1133a77929d1cf6b59fd083494f41c97325b8c42d4163a14014759df6cee63dc174a0bf4918aa77996f4bd158a5b9a61dd1877465373a4833afa4e03c81e6af1ad3d95be44e51e7f44b2d2262c2eed081afb15dba893b3272a14de89a7ea8d22f3a69bf99f6a9fd47f1065428f46539bb69df5900cf345a69a59fea1950cb2831a65ad683dc00f72cf9e4d6ac8b2386ee038909908df416f73d3e8b61a070007905eae2ac9237a16a490400200100080040199db1d697ebf9571b8bed0f51553746782e21414d56448eb00de9d1b5f520516b6d7e7ce2caf68e966160345b3adb98ef52e10bee4588eea4d9b1e3b929c617ef15686c249275412010067f12efb6773f805d4a6bf49186a779971853658a6b51f4de8380a5d865c54a826e128b05ce128b117105cac9156c5f44b33e229b7f30f62db8685ea45789586b347a62f467401000800400200100080333b626f4bf5fcab8dc5f687a8aa9ba33c1710a0a6ab4770169a00a0049556036550816da248900abaa727b201b854b720008033389a83ae7891677c02eb535fa4bc8c35372e704fb6ab1555a8ca4c909561c12a2cc2e8e1a8388f30a72be84665d46dd5dbeb0f7ab2a72e855ce3d462a62da2753c8262a5228e68b6d861d662260c31a4dfc87bd74b074bf52ef90dc3abcae7a22eb9b8100080040020010008032db627b74bfcaff00696fd17138bef0f5fb09a9b9401718a8b6ab47701c4e002a180871557a005764869cc1d2dd07dd8b007dfe2a64ae93bdfec4343b4713a0bce8990ada5ac4a621c0ddd7173e096d4af98060a5b2a65f19401ad52788f705d6a526a944c735ab25e130f962e9552a5ca461663d8b3055296aac4d4d18c9acaf94a5c4f5ead902e8769b336f5494b2978c6e3952900d548cdb6332a48d77f0ef0d0ca8fe2401effa2eb60a3bb3661d697362b79a01000800400200100080325b5e7ed583f24f9b8fd170b8b3fd48af01153bc522e49514cd55a3b80f04fb1270aaefa00dd511efe3ee549ab102e9bc40578c92880fd1c3d891cc1e044d81fdea9b0a578b64d892c1d921c493a93a6a2de0b4c23eeda4eec0aec6b4036b4cf2f0f259311049dd157a195e90196bc9d1e0387fc7e55b292bd146496ec914eb592dc752b7155df2d5105691593ba2b7198814da5cee4077ee0b4c22e4ec84f8b295fb4394c641de384f7adbec7a6e44677d6da1a3e8ec507343dba11a2e6d5a766e2c741db525e2ea08b24d38b43e4ee7a3ec861f26159f9bb5e7a7b97730b1b5346fa4ad145d2d030100080040020010022a55035204e92610063b68aa66ac6f30d68b6ed4ae0f1357abe8679bf78ab5cad883acd55a3b80e97426ca4968076a54ece8227c45bfe94b9de3b03135e98119492205cdaf17b709559415938dfd4189a4ccc6f3e1fbb2882ccf520974712222c387195aa1557759371d6d7b81049e3f1298aa7bc95b524838a6d8c0e5f148947c05cb6339b594c8a787a83fc463b9e6ccdf613e4ba1868de8af3622a7c3e29fee54d3ac787b54b8a33b2cb08662567a9a6c4c55f728f6958eca32fdd7491dd75af0ad5f52b285d58cb55697bf3d8490237dbf285d4bd91487b91c86e7a02816536876b727ba4cfc5717153529b6874636449a9776b1252e3b16516d9ec5d1347251a4d3ab69b01e61a2576a0ad148eb455912d5c9040020010008023e3f16da54dd51d60d127e010066eaf4b0aae05a0441ed12c9260980d2662c2fa2aa9a7b0b96e513b1599c26c5c4dce862d00efd355c8c5d094a79d19dbd7cc71824c6ff00def5cf95177254afa035bbe7b92d53699371ca06e743208bebe038d95e1079bcf425343d46834c893c48f3f24ea7462dd9868c2ad1245b80f2e2ad3a327a22189c15324e58cb009262fb809e17452a5f0ede2445ddd84e2f0c03b5b0d7bb8a5d5a2b36e4bd0b0a785e10458f7d85879add0a16d89197b41b5e26dde7ba5438c767f8caee53748506bf230d3ce18f739ed25cd041001d343ac106de17bd25d9a4854b978167476130b5981f46ad56b4e825ae83bc5c4db9adca8c24ae86ac3c26ae9b3a3f87c5be8627fba94fb9e12a78352e647b2db6646c47f0f2a38ff5d87f4387c4a2384cbcc8785975fa09c37f0bda0e67576cfe5a201fee2e4cec1bd1c89584eafe85b61f6028b7d2ab58f22d6fcaa16129f32eb0d145a6036530b48cb69073b8d426a1ff007481e09d1a508ec86c69423b22ed30602001000800400200e39a0882241b1077a00aa7eced0265ad2c27d4739a3fb74f62ab8a653221b3b3347f3f98fa25ba31655d18bd46dfb2b448025f034120c7290a8f0b1643a11646c66ce96bc3a9cb86ae92249f884a9e16cef1292a36774413807b48269bc19d431ce373be3bad64a787d6ee257235c81ac16804103298b66b6b0797723b28f40b12a8925a41611b81bc9b701a26a8dd59a2cb622e2b04f719caf3984121bda075cc4f3549d14d6c52516ddc7e8f4790ecd92a13a1194e97bb49dfbd4c6824ef6d4b28055c256cc0b18e8e0e10645b58d3bc95695277d1136927a216cc15674e7a47348b488e048331fb2aca9cb9a27249f23b53a0aa11663649b99026349224a9ec5f225d265bf407457f2d4cb33171738bcf005d166f75bde9f4a9e48d8bd3865562cd3060200100080040020010008004002001000800400200100080388004002001000800400200ea00100080040020010008004002001000800401ffd9', 'Garnier', 10, '2015-01-02 00:00:00', 84, NULL, 15, 2);
INSERT INTO product (product_id, factory, filename, image, name, price, production_date, quantity, type_id, category_id, type_product_type_id) VALUES (16, 'Bayer', 'Aspirina.jpg', '\xffd8ffe000104a46494600010100000100010000ffdb00840009060714121215141314151615151414151415151717151718141514181817141414181c28211a1c251c151621312125292b2e2e2e171f3338332c37282d2e2b010a0a0a0e0d0e1a10101a2c241f242c2c2c2c2c2c2e2c2f2c2c2c2c2c2c2c2c2c2c2c2c2c2c2c2c2c2c2c2c2c2c2c2c2c2c2c2c2c2c2c2c2c2c2c2c2c2c2c2c2cffc000110800e700da03011100021101031101ffc4001b00010002030101000000000000000000000001020304060507ffc4004a100001030104030b080803070501000000010002031104051221314151060713226171819192a1d1151733525373b1b2143242627293c1e123a2f01624348284b3f1254363c3d235ffc4001a010101010101010100000000000000000000010205030406ffc40036110100010301050506060203010100000000010203110412213151521314418191053271a1c1f022426162d1e115b12334f13324ffda000c03010002110311003f00fb8a02020202020202020202020202020202020202020202020202020202020202020202020202020202020202020202020202020202020202020202020202020202020202020202020202020202020202020202020202020202020202020202020202020202020202020202020202020202020202020202020202020202020202020202020202020202020202020f137557a1822a37ebbf21c835bbfada8f9b537bb3a7771970bf489295e3d3493c6a7392a399da55c587ca07d73da4c31de23abe67940fae7b49893bc4757cd1e513eb9ed7ee9893bc4757cd1e513eb9ed7eea6257bc4757ccf289f5cf6bf74c2f788eaf9b28be88d63453eb643968ab7de7f5f9b2c37887018a4034d1a1f849cc7d676741cc11ba6fd33c6af9b31bca32d1c7c2e075484b48d3491a483aa95075a37dbdb98e38f3ff006996f18dcd349035c694a3ce11b7162a9ef459bd6e63de8f552d57d331628e9845006ba4353419b881aba752255a8a339a663d56f2ab3050c83170b89ce6c8ea08c7d8654d6a69af6a35dbd18f7a339e7e0c86fa8b1b8e2a34d300e11c6808fb4dd248e4775a2f78b79e31eaa457b303581d2d5c24ac87847671d4f15b9eca2117e8c47e2f1e6865f0c2eaba4200713fc399d9b41c816bb68d8543b7a2677cfcd537bb439c78626a496b4cae0d6b49c81a66e34d590e743b7a339daf9b1db6f918439933838e96094b873b4e44731aa3355fa7198abe6d3f2ebfdb3bb67c537b1de3f77ccf2f3fdb3ff30f8a876ffbbe6797e4f6cffcc778abbd7b7fddf34797e4f6cffcc778a1dbfeef9a5b7fc872133cf348ef1458bf3cd7f2ccded25edbfc51aed6ae6fa65c36ee1acf1bf59680efc43277785a7df6eadaa625e82362020e1f7c5bc6585d0f06ea0224a8a03520b76f3ad534c4f1717daf7ee5a8a2689c7171afdd05a0e45e0f3b5a7ba8b7d9d3c9c5ff0021a998c4d733e9fc2a774137fe3fca8fff009570f3ef15728f48fe15f2fcbb22fca8fc130bdbcf28f48fe10774336c8bf263f059c2f6f3ca3d215fed0cdb22fca8fc130bdbcf28f4841dd0cbb21fca6782617b6fdb1e90aff6825f561fca6782b85edbf6c7a2877412fab0fe53530bdac74c7a28ebf64f562fcb6a60ed23a63d14f2dc9ea45d80a6176e9e9850df4ff522ec7ee9836a9e9850df0ff523ecfee985cd3d30837bbbd48fb3fba6173474c2be543ea47d47c513fe3e9841bd4fb38fa8f8a9895ff8fa23e6af94cfa91f51f1431474c7cd43791f523ea3e28b8a3a63e68f289f523ea3e2985fc1d31f350de27d467f378a61716fa506f0fb8cfe6f14314749e52ffc6cfe6f145d9b7d3fed686f7731c1cc686b868734b8119534d530dd1b344ed53189f8b7ff00b6769a50bea3450e6b3b30f7ef35f37d037a9bea4b409c3c8a3305001ac8352797203a12630e8e82e4d71397d0147404041f3edf4feb41cd27c5abd2df1703dbbeed1e6e0c36b90d2720bd1f9e88999c43d586e138832491ac90e8880324832af19adfab967426ab3b4fbe8d0ce629aea889e5c67cf1c14b4dc2e18846f6c8e657146016ca00d278370a9e8aa9b457a2aa33144c4cc718e13e92f18aaf8d528d2a515528aa94554a2aa546a1521151445451150422a0a82b44508455688aa908aad130a821151450548469f4ede4ce769e68ff005599757d9bf99f5451d410107cf77d11c783f0bfe2d5e96df9ff006ef0a3cdcfee7aceea49230564686b22d193df5abf3d6d6b5c472ad552e7e82dd534d57288cd51ba3e33e3e505d3619639c3ded780c7bdae2d01ce2ee0c92c1b49074f2ed4998c35a6b17adde8aeb89dd339f19ce3879a2f0bbad06732303c97487837d5ad755a0ea0722d0d20fe12a4630d5eb1a8edb6e8cce6774ee8fbc35f7496721cc90b703a469323694a4ad716c941aaa457a55a5e7aea315535cc626a8df1fac6e979966b23e57618d8e7ba95a30171a0d740acee7cd6ad5772714465aee14a839106841c88234821126262712cb64b0c929a451bde75e0697539e9a149dcf5b566e5cf72265b52ee76d4d05ceb3ca0004925b90005492a6d43de7457e23334cb058ae69e66e28a191edad3135b5151aaa9330cdbd2ddb919a699986576e6ed6333669bb04a661e9dcafc7e4979cfb3b83b096b83ab4c2410ea9d028734cbcfb2aa27130cd6fba668403344f8c13405e280902b41d0a65e95e9ae51bea8c365bb9ab51008b34c41008e21a10532f48d1dee9962b55c7688c6292cf3346d31ba839c8192649d35ca77cd32d6b2d8dd2b8363697b8e86b4549a0a9a0e6532cd36a6a9c4466579eeb95b2089d13db23a9858451c6b90a0e5a1ea4cb5362b8ab66637f261b5d89f138b246398e14ab5c2868741a2652ab555338aa30c31d9cbdc1ad04b9c68d033249d0005598a2667105aec6f89c59231cc78a55ae1422b98a84cb555aaa89c55186386cee79c2c6b9ce3a1ad05c4f3019a25344d53888525888241041068410410469041d0509a26374b1e143087046b0fa56f2c38f68fc2cf89589757d9df99f5451d310107cff7cf1c783f0c9f16af4b7c5c0f6e46628f373f704aea49135d85ef01d11cbd232b4667eb35ce0b557373b435551155ba67133be3e31e1e70c973db257da1ac91d23862712cd043d80b81232a10e00f42931187ae96f5eaef4515cccc6fddfac6ff0094b5ad7699db318632e1864708d800c40beb500e9a9c475eb562230c5cb97e9bb36a899dd3388f8ffeb1ee926abd919707189a448e1a0cae717494234d09a74253cd35b5e6a8a339d98dff0019df2e93716d659206cd2e4eb54cd8a3fc39d0f31209ea59aa77bb1eccb7166d457571aa5e2ef81757036a2f038b382f1c923681e3e07a52997c9ed4d3ecdcdb8f175b2d9e5177305de40716b1d514c4e14e3d09cb1d76ec216678bad14cd3a788b1cbefcdc05a2fbb67198fb44dadaf63b2343916b851588871ae6af5119a66a976fbdf65607d32a3e623928c1452a753d9dff5fce5c55dbba7b6874645a1f238968c0ea38389fb34a6b4c3e2a3597b6a37e7f4765be459d986cf210049f486301d65a737349d60501521d1d6514cecd5e3986befb3e860f7afff006ca431ed1f723e3f46f6ecadb243608dd13dd1bab00c4d34342ccc28f6d4573459cd33c9a1bde5f5699a4919248e958180d5d425ae2680540d62b91d8ae1e1a2bf5dc998aa72d2bb628d97db9b100181cfc8680ee0aaf03fcd54668a698d5fe1fbdccbba5fff0066cdfe9fe77a4357e3ff00d34f97d5efeeb2e265b98e0c2de1e13469d8480ee0dfc841041d5a76a3e8d4588bd1bb8c3e6b70445b6c85ae696b9b3b039a74821d982ab936699a6f5313cdb7be18ff00a84df862ff006c243db5d1ff002cf93d4defa1659e392db31a37136cf19e57b9a1ce1d240e8724bd74544511372af8306fa175707686ced1c59851d4f6ac1a7a5b43d0548675f6b154551e2e1dc169ced95688b87d1b798f4968fc11fcc5665d3f67f1a9f5551d31010703be57a483f049f3316e870fdb1f93cdc639ab6e161e832f97541918c94804079c4c93091420c8c209cb6d4a6cbeca757571ae98aa79f09f5852d17d38e231b19117fd773713a47574832b8923a28982bd5d539d888a73c6638cf9cfd1a576d84cd2b226e97b80aec6fda7740a949979e9eccddb914478baddd5592cf33d91fd3628459dbc1888b7116b85332710ce800e85e7977f536e8ab14c5714ecf87dcbd1dd1595b6cb0e28ded95f1f1daf668739994800d5515cb6d147aea6dc5eb1ba73f7bdc4dc3ba09aca7f87c68c9aba277d535d6d3a5a794752d4c393a7d5d7677718e4ed9d159af684b802d95bc5048e3c6f2320ea7d767773159e0eacd36b57467c7e70a6e0f8b6292a055924e08d44b46639b2495d153b36663f5973567ddbb9b474763b331d4c9c2b51d4d09bdf277e8a677511f7e4f26d97acd6a9e37ccea90f686b40c2d682e150d1fae94c3c2ad45576b8cf375bbec7a283debffdb4743da1eec7c7e8f5775178fd1ec51bf828e5ce16e09055b9b748e5cbbd47bdeae28b713319e0c17c3e49ec225bbdfc18a173a38dad0e70d0e6034ab5edcf469cf9118ae66ab5b565c6ee007f7e869b24f91cabe0d1ff00f68f37b7ba41ff0059b37fa7f9de90faaf7fd8a7cbead5bfafa7d92f4964666d223123353d98065c846907c519bd7a6d5fcc3a1b75cf1dae4b3dbace4121ec2fd5c2460806bb1ecfd08d88fa2ab54dcaa9bb4b8cddd40e92f2918d1573f816b472b9800487c5aba66abd88fd1d0ee9eea80c3058fe990c020682f6bf3739c5b93cf18534b8ff00991f55db74ec45bda88c3d2b6d85b6dbb8c4d9993c91b5a1b247a0cb18a8a8ae448c8fe251e9551172d6ce733cff0057c868b4e34c2a5a861f42de6c7f16d1eed9f31525d0d0fbd5793ea8a3a42020e077c9f4b0fe093e66add0e1fb638d1e7f471c42f4711421170a1083d9dcd5ed0d95d24afc464c05b1340a8a9cc9275548039aab153a7a0bb6eced57571f07844d4973cd5ce25ce3b5c4d49ef4887cb72b9aaaccba3dc7ee91965c6c9038c6f21cd2d18b0b80a1e2d73045346c59974343ab8b5134d7c250f174d4f1ed22a49a0040153a00a684ccbd2aa347339ccb3b774d65b246f8ec4c90bdfa649751a501353534d428029be5b8d459b14cd36b8feac7b9fdd3c366b1c913b13a573a521a0644c82952ed5b4a4c163574516a6278ef720da000546855cb96581e1af693a9cd71e60e04a3744e2a89974dbbddd0416b644d84b8963dce389a5b916532aacba5abbf45ca6229964dd56e9acf68b23218dce2f0e889ab6838ad20e6ab5a8d4dbaed6cd33bf73cddc9ee90d8dee0e05d13e85ed6d2ad70d0f6d72aed1afa11f3e9753d94e27837197c58e3b7b2d511788ce332b30530bdcd2313057412731b6bb51efda5aa6ec5ca67778b05ef7fc32de30da585dc1c7c162ab68ee239c4d1b5e5090cdcbd4557a9ae38461e5eea6f165a2d524d1d703b0805c309c9a01a8e70ac3c753729aebdaa7836f723ba6fa1c85af24c2ffaedd25aed4f60f88d6399496f4da8ece713c1becbfec86f292d6f2fe0c319c1f10d4c8181b5235533eb47bf6d6e6f6dccee72978db0cf2c933cf1a47b9dcd53937a0507423e3b95edd5353dbdc56e91b6291fc262e0a402b8732d73743a84e79547523df4d7e2dcced709795ba19617da247d9c931bdd8c55b8685c38cda1fbd53d28f2bd34cd7334f079651e4fa06f3be9ad1eed9f3147dfa1f7eaf843ea8a3a42020f9fef91e9a1f76ff982dd0e1fb63dea3cdc895e8e32a50570a2bdcb2f0c2c4d3670ec66d4f070343896f06281d91e2d69a725e73c5d6b3b71a78ece37ed726f5ed1b591caeb23470c268db3704d0e7301881708c0068d3256b4d6a3e9bb4d34d354da8fc59df88e1f0f356f7b1d6cf3e08eb361b1195b1b6a5b292ec746b46448a54042f5a89b75623f17e1ce39f8a8c81ec92c91c31d617b1bc35630439f888984ee2322d1a8914448a6699a29a6374f1ddc79e5b91c71b442d8e8e696da8c709630b6d01b2383586470c8d08a6d0147becd111111faeeddbfcde5dec1cdb2c01a2560365697b590b4c75a9af0921189a468e84785edd6e3198ddcbfdc966c4db0c059c2825f68a986164b5a3853842e190d9d28946eb14cc67c784655dcac40c2c25ad3fdfa2198072e09c695d892ba4a63637c7e6fa33dd56585f59e20dc124d646ba12013149f4805ed151f508391e847a5ba289cd54f0998ddca72366e166b5b03df2e186d41b1ba363431d89a1a232dcceccd0898aaaaa9ce774f84311bba2746216163a5b2c91b9e5b5c4f0e78168c551421aed142726a276546229a78d331fdbd089911b632d185957ceeb2f0741412b24735d261f74d079ca3d229a26e6dfeb8c7ebff008d2b559629628e37616700d36973a8017402695b332bace4ca73a25745354444eec6ff002cef65b7706d9d96b95b1b59c059c318e69c0e924189e30b41ae18eb4cb4b82154531545cab18c47dfa2964bba6b219a4687c96763ab6689ad0f13ba41569751a4e06822a768a22534556e6678d3e11cf2410d6cd1bcb01b57d1ed6f8da583170bf48e3111919bda09a0a648b119a2271f8b13eb952c45ad81b2daa20f9c43692e63da1af92cedc34320a0cea480e22a89463676ab8df89f3866b8aed899c1ba22248e475a9f138b43a40dfa38a31e08faed703978a376add311131be2738f47197db9c5e31f0a4e0143344d85dafecb4529ca8f8aeccccf8f9c61e63823c9dfef3be9ad1eed9f3147dda1f7eaf843ea8a3a42020e1777f657493c41a2b489c4e607db1b56e8972bda3a6b97eaa7623865cc9ba65f57f99be2b7973bfc6ea3a7e70a1baa5f53bdbe2994ff001da8e9f9c7f2a9bae6f667adbe2a64ee1a8e8f9c7f28f264dea3c73380ee054dcd4693551188a67d63f9559764cdcdac7b4e805a6869ce0a6e58d26a69df14cfac7f286ddd3b7eab6415d34752bcf439a621a8d3eaa38533ebfda3c9f68a11864a3b370c593bf10ae7d2a6217bbeaba67d7fb50dd9365fc37e5a33d1f873cba113bb6a3a67efcd2eb0da694a4b43a463343ce312986bb0d4cf84faff006ab6efb48140d940d81d41d41c9858d3ea637444faff006a0baad03446f19d722067b74e9e54c11a6d447e59fbf357c913ea8de39881a346b4c2c69aff004cfdf9a05d368d51bc73103bc1570469afc7e59fbf340b9ed1ecddd6077d54c2c69aff004cfdf99e47b47b37574d710d3b74e9e5570bddaff4cfdf9a0dcf68f66eeb6e8d9a742983bb5fe99f97f2abae6b47b377681a77a617bbdfe99fbf34b6eab48d0c90733e9f0726162c5f8e113ebfdaa6e9b4d41c0fa8cc1c42a0ed07164530777bfca7d7fb55d74da4924c6f24e925c09236125d984c1ddef74cfdf991dcd691a18e6f33c373db93930d469ef7844faff6cdfd9fb43cd5e473bde5c7f54c37dd2ed5c7fdb76cbb9768ce47977dd68c23a4e94c3de8d1447bd39765b8a85acb439ad01a0402807bc525f4c5314d51111e0ed947a8808395dd37f8867b93f385a867f3793ce554452888d7b4da701a5348c8ed39923a822aadb7370824115d14cf2a0353d0e0827e98da039d08ae8d553e04f420af9419f7babfae5ea503e9cce5eaf80feb41412fb6b4120d6a0d346935a648286f06ec3d5fa739a20936d6d5c33e2915e9a67df4e84102dcdc388d450807a6bd7a0f52a2afb7346a3cbab665de806dedad33eed3a873a00b7373c8e5e34f8a0d906bd39f5a2254108a855108a85042082a8f4f7247fbd3bdc7fecfdd66589f7e3e1f5766a362020e4375f6a6c7688f11a562753227ed8d8b54be6bda9b766a8db9c65e38bd62f5fb8f82d6188d7e9faffda45e90fae3bfc145efda7eb83ca717b46f7f822f7dd3f5c21d6f80e97b0eacff00e117bdd8eb8f50dba0f5e3d7dfa7522f7bb1d71eaa36d567000c719a68a9aebae92a2f7ab3d71ea7d2ecf5ae38eb4a6a43bd59eb8f53e9767f5a2ee43bcd9eb8f54badd06b7c7dc8779b3d71eaa1b6d9fd78bb953bcd9eb8f51d7859f497c7dde08779b3d71ea8f2859a94c7153234e51a3521de6d754205e366f5e3feba10ef367aa11e51b37af1f57eca1de6d75406f3b37af1f57ec8779b3d509f2c41ed59dfe08779b5d5079660f6adeff043bcdaea83cb307b56f7f821de2d75423cb107b5677f821de2d75423cb107b5677f822f78b5d50a9beacfed5bdfe08778b5d50c326e86ce3ed93ccd714cb33aab51e2f3ed5bab67fdb8dc4ed751a3a854a65e556b69fcb0f737b1bc1f35aa573c8ca1a00050018c2929a7bb55cb9333cbeafa628fb84041f3edf1fd3c5ee9df3add0e17b5fdea3cdc915b71d528aaa8aa928d2aa0a94695515528a8aa2a88aaa3485150aaa145ca0a082117206a195b834328319d88b962735172a151acaa515428aef779fff001137ba1f3847dba2f7e7e0fab28e908083e7bbe4fa787dd3be70b74385ed8f7e8f84fd1c915b71d528aaa8b08455435155a5516155142de51f04540889d19f31098555d09d87a8a34a161fea8a2c20308d20f522ac1a0eb413c057421943acaed8530d650db39d8a0d98ac44ea570b10da6ddc76261ad99525bb884365a72b48fac2a3bfad11af2d9ea313731f0e751a69b946a1428aef779df4f3fba6fce8fbb45efcfc1f5651d210107cfb7c8f4f0fba7fce16e870bdb1ef51f09fa3912b6e3a850428a8251434d88a002a00c5ac1034a349601420126ada90054d46ae408d433363c8b4169346baa01273cb0d74019a2c478337d0c1e280d73c380c8d6b51a00a6aa1a947a451e11c597c9e00c9a710ae2c2ed1415a8c274534946b6199f7652952fe5078d420d28710e6eb46fb3980dd14fb434573653e52146fb2c33b773d23b4603ce48f99aef8a8f48d3d52cecdc949ae31d047e85bf051bee75f26e597728e6fae3a6a3aa9faab96e9d14feaf5a1dcf8fb41a79db43d614cbe9a7491e2db65cb18fb214cbd634d47265f2547b07f5ca996bb0a3935a7b8d842658ab4d4cb9bbeb7364025aae5f15ed2cd3be1c4ca0c3267a34387223e48860bc6cf81df0421a25469df6f3de9e7f74df9d25f7687df9f83eaca3a42020f9eef93e9e2f74ef9c782dd0e17b63dea3e13f472256dc654a2aa54545688a8c54d051538e95a68041a6d46a176cd427461071168cab5fb35d3446a259a0b40a91960cdc40e2fd6fb04e923911aa6af46e432b08c356b585b5c8e1a1272c474ba851eb4cc4c63c1b71cb1165039ad6d06834ceb425c48ab947ac4d334e38370491160a3c01b413990686b9718d6879132f6fc1b38cb783a32d1c7c872935235e63339d7a547b7e0988dedd63d94043e9ab5e7d63351ef134ee9cb7e3b50d38f251ef15c71cb69968075a8f48aa1984a11acac0a2a5150830da69435466ac61f24dd896f0868b4e25dc6dce1e75e678acae9c0daf5047978bca2a350ef779e3fde26f743b9e3c547dda2f7e7e0faba3a42020f9eef91e9e2f74ef9d6e870bdb1efd1f09789755c535a0558d01b5a6271a0aec1acab3387c3a7d15dbf19a6377396c5b77296860c835fc8d767d00d2aa6d43dee7b32fd31988cfc1867dcb5a9adc5c1d69a431cd711fe507e0aed43157b3f514c6767d1e1b82af8f0a9454177fc7222a1ceeed5c88a87c95e8396ca6c51577cb886635e54d006c0155ce577cf51c6a721d141b00d19a8d672b3ad75142e07467ac50528288d666591b78b40a171232d55d1a284e819951b899c3232fb0dc80711d03fad2996e2bc33c7ba179faaceb79f80a23717e61e9592db697e80d6f2915f98a61e94ddbb3c21ee58b8419be6ea0d6fc028faededfe6a9e9b2f08dba5f5e951f445da23c59197bb0e823aff0054c3517e99619afc681a530ccea69873d7cee8b2201570f8eeeaa67743859dc66933d1a5c7911f1e7c586f09f138ecd484344a34ef779eff001137ba1f38597dda2f7e7e0fac23a42020f9c6fa4f225848f64ff982d47071bda94c55728cf29fa3d9dc7dbd8fb2442a2ad6069fc4348aedafc54974b4b8ec6988f08c16d0596b6486a5bc150533038dc7206da11d4547bbdd06b98d1a88d688e1b7c0b0b5ae8e56e464c4d7f2968ae2e7d5d4b74cb89ed4b54d3315c78f173325dd2025b8492284d33fac2a16b2e74d8ae271850ddb37b27f521d8dce9941bb66f66faeca7f5b0f528bd8dce9951b77cae0088dc41151415cb6a2c5aae77c44ac6ea9a9e8ddb28284ebd5d0546bb0b9c9a05184234a94548506dc36ec1a07e8ae56194df526a34e6532ded54c2ebce43a5c532999e686dbddb4a19651781daaae6475e4e3ad1732d691c4e9341dfd4a2304b38028dc8779e746a1a8e28d28515dfef3be9e7f743e7525f768bdf9f83eaea3a42020f9eef962b345c91bbbddfb2dd2e17b627f1d1f09fa391b1cee8493139cc274d0e479da722ae21cfb5abbb6fdda99edb7c5a64a7f19cda68c2037ae8335365f57f92bd3c67d1eb5dfbb1958da3d8d71dad25b5e76e63a94d97d34fb5a71be978f7cded25a5f8e43a051ad1a1a393c56a230e7ea3535dfab6aaf28e4d7f28c95ae33534d435579394f5ab8622f579ce4f2a4b42319cf5e55e83aab5530d76f7318c86f5973e39ceb5c86bd35c930b17ee73628ef191a281e40d14e4028a2c5dae23112937acdeb9ea1e08d76d739b409479c20945412a2c211508a82514aa2a2a823122824286142e4550945c2a4a8d2a4a2c43e83bce37f8d39d5c1b47f323edd147e29f83eaca3a42020f1afeb859691c6d48934c4f1873cedeea13eb768f8a33d9d3ca18cef6b06d7f68f8a1d9d1ca15f36506d7f68f8a1d9d3ca0f36506d7f68f8a2ec53ca0f36506d7f68f8a1b14f283cd941b5fda3e286c53ca0f36506d7f68f8a1b14f283cd941b5fda3e289d9d3ca0f36506d7f68f8a1d9d3ca0f36506d7f68f8a1d9d3ca0f36506d7f68f8a1d9d3ca0f36307deed1f145d8a7941e6c60fbdda3e286c53ca0f36307deed1f143629e479b183ef768f8a1b14f23cd8c1f7bb47c50d8a791e6c2cff7bb47c50d8a7923cd859fef768f8a1b14f23cd859fef768f8a1b14f23cd859fef768f8a1b14f23cd7d9fef768f8a1b34f23cd7d9fef768f8a1b31c966ef67671b7aca2ecc7274bb9fdcf4765043069430f6914404040404040404040404040404040404040404040404040404040404040404040404040404040404040404040404040404040404040404040404040404040404040404040404040404040404040404040404040404040404040404040404040404040404040404040404040404040404040404040404040404040404040404040404040404040404040404041fffd9', 'Aspirina', 8, '2015-07-03 00:00:00', 994, NULL, 1, 2);


--
-- TOC entry 2032 (class 0 OID 165331)
-- Dependencies: 177
-- Data for Name: product_orderitem; Type: TABLE DATA; Schema: public; Owner: postgres
--



--
-- TOC entry 2057 (class 0 OID 0)
-- Dependencies: 175
-- Name: product_product_id_seq; Type: SEQUENCE SET; Schema: public; Owner: postgres
--

SELECT pg_catalog.setval('product_product_id_seq', 27, true);


--
-- TOC entry 2041 (class 0 OID 229826)
-- Dependencies: 186
-- Data for Name: product_review; Type: TABLE DATA; Schema: public; Owner: postgres
--



--
-- TOC entry 2038 (class 0 OID 188868)
-- Dependencies: 183
-- Data for Name: producttype; Type: TABLE DATA; Schema: public; Owner: postgres
--

INSERT INTO producttype (product_type_id, product_type_name) VALUES (1, 'recepta');
INSERT INTO producttype (product_type_id, product_type_name) VALUES (2, 'zwykły');


--
-- TOC entry 2058 (class 0 OID 0)
-- Dependencies: 182
-- Name: producttype_product_type_id_seq; Type: SEQUENCE SET; Schema: public; Owner: postgres
--

SELECT pg_catalog.setval('producttype_product_type_id_seq', 1, false);


--
-- TOC entry 2036 (class 0 OID 180703)
-- Dependencies: 181
-- Data for Name: review; Type: TABLE DATA; Schema: public; Owner: postgres
--

INSERT INTO review (id, createdate, review, product_product_id, user_user_id) VALUES (35, '2015-10-17 22:18:43.815', 'Super tabletki na ból głowy :)', 16, 1);
INSERT INTO review (id, createdate, review, product_product_id, user_user_id) VALUES (45, '2015-10-18 14:39:00.853', 'super :)', 19, 1);
INSERT INTO review (id, createdate, review, product_product_id, user_user_id) VALUES (46, '2015-10-18 14:39:23.525', 'bardzo fajne majtki :)', 17, 1);
INSERT INTO review (id, createdate, review, product_product_id, user_user_id) VALUES (47, '2015-10-18 14:39:37.48', 'Super gatki :)', 17, 1);
INSERT INTO review (id, createdate, review, product_product_id, user_user_id) VALUES (48, '2015-10-18 14:39:54.809', 'Super :) Polecam', 17, 7);
INSERT INTO review (id, createdate, review, product_product_id, user_user_id) VALUES (49, '2015-10-19 10:27:24.122', 'super :)', 17, 7);


--
-- TOC entry 2059 (class 0 OID 0)
-- Dependencies: 180
-- Name: review_id_seq; Type: SEQUENCE SET; Schema: public; Owner: postgres
--

SELECT pg_catalog.setval('review_id_seq', 49, true);


--
-- TOC entry 2033 (class 0 OID 165334)
-- Dependencies: 178
-- Data for Name: user_address; Type: TABLE DATA; Schema: public; Owner: postgres
--

INSERT INTO user_address (id, adres1, adres2, city, postcode, user_id) VALUES (2, 'aaaa', 'aaa', 'aaaa', 'Aaaaa', NULL);
INSERT INTO user_address (id, adres1, adres2, city, postcode, user_id) VALUES (1, 'Siedlecka', '33', 'Siedlce', '08-300', NULL);
INSERT INTO user_address (id, adres1, adres2, city, postcode, user_id) VALUES (3, 'siedlecka', '22', 'Sokołow podlaski', '08-300', NULL);
INSERT INTO user_address (id, adres1, adres2, city, postcode, user_id) VALUES (7, 'Siedlecka', '60', 'Sokolow', '08-300', NULL);


--
-- TOC entry 2040 (class 0 OID 221651)
-- Dependencies: 185
-- Data for Name: user_nfzdetail; Type: TABLE DATA; Schema: public; Owner: postgres
--

INSERT INTO user_nfzdetail (id, department, name) VALUES (1, 1, 'Dolnoslaskie');
INSERT INTO user_nfzdetail (id, department, name) VALUES (2, 2, 'Kujawsko-pomorskie');
INSERT INTO user_nfzdetail (id, department, name) VALUES (3, 3, 'Lubelski');
INSERT INTO user_nfzdetail (id, department, name) VALUES (4, 4, 'Lubuski');
INSERT INTO user_nfzdetail (id, department, name) VALUES (5, 5, 'Łódzki');
INSERT INTO user_nfzdetail (id, department, name) VALUES (6, 6, 'Małopolski');
INSERT INTO user_nfzdetail (id, department, name) VALUES (7, 7, 'Mazowiecki');
INSERT INTO user_nfzdetail (id, department, name) VALUES (8, 8, 'Opolski');
INSERT INTO user_nfzdetail (id, department, name) VALUES (9, 9, 'Podkarpacki');
INSERT INTO user_nfzdetail (id, department, name) VALUES (10, 10, 'Podlaski');
INSERT INTO user_nfzdetail (id, department, name) VALUES (11, 11, 'Pomorski');
INSERT INTO user_nfzdetail (id, department, name) VALUES (12, 12, 'Sląski');
INSERT INTO user_nfzdetail (id, department, name) VALUES (13, 13, 'Świętokrzyski');
INSERT INTO user_nfzdetail (id, department, name) VALUES (14, 14, 'Warmińsko-Mazurski');
INSERT INTO user_nfzdetail (id, department, name) VALUES (15, 15, 'Wielkopolski');
INSERT INTO user_nfzdetail (id, department, name) VALUES (16, 16, 'Zachodniopomorski');


--
-- TOC entry 2060 (class 0 OID 0)
-- Dependencies: 184
-- Name: user_nfzdetail_id_seq; Type: SEQUENCE SET; Schema: public; Owner: postgres
--

SELECT pg_catalog.setval('user_nfzdetail_id_seq', 1, false);


--
-- TOC entry 2027 (class 0 OID 165302)
-- Dependencies: 172
-- Data for Name: users; Type: TABLE DATA; Schema: public; Owner: postgres
--

INSERT INTO users (user_id, email, name, password, surname, username, usernfzdetails_id) VALUES (4, NULL, NULL, 'admin926', NULL, 'admin', NULL);
INSERT INTO users (user_id, email, name, password, surname, username, usernfzdetails_id) VALUES (13, 'dewiktor@gmail.com', 's', '92wiktor', 'd', 'dewiktor4', 1);
INSERT INTO users (user_id, email, name, password, surname, username, usernfzdetails_id) VALUES (7, 'dewiktor2@gmail.com', 'Adam', '92wiktor', 'b', 'dewiktor1', 5);
INSERT INTO users (user_id, email, name, password, surname, username, usernfzdetails_id) VALUES (1, 'dewiktor@gmail.com', 'Wiktor', '92wiktor', 'Dębski', 'dewiktor', 7);


--
-- TOC entry 1891 (class 2606 OID 165317)
-- Name: categorytype_pkey; Type: CONSTRAINT; Schema: public; Owner: postgres; Tablespace: 
--

ALTER TABLE ONLY categorytype
    ADD CONSTRAINT categorytype_pkey PRIMARY KEY (id);


--
-- TOC entry 1885 (class 2606 OID 165296)
-- Name: customerorder_pkey; Type: CONSTRAINT; Schema: public; Owner: postgres; Tablespace: 
--

ALTER TABLE ONLY customerorder
    ADD CONSTRAINT customerorder_pkey PRIMARY KEY (orderid);


--
-- TOC entry 1887 (class 2606 OID 165301)
-- Name: orderitem_pkey; Type: CONSTRAINT; Schema: public; Owner: postgres; Tablespace: 
--

ALTER TABLE ONLY orderitem
    ADD CONSTRAINT orderitem_pkey PRIMARY KEY (itemid);


--
-- TOC entry 1893 (class 2606 OID 165330)
-- Name: product_pkey; Type: CONSTRAINT; Schema: public; Owner: postgres; Tablespace: 
--

ALTER TABLE ONLY product
    ADD CONSTRAINT product_pkey PRIMARY KEY (product_id);


--
-- TOC entry 1903 (class 2606 OID 229830)
-- Name: product_review_reviews_id_key; Type: CONSTRAINT; Schema: public; Owner: postgres; Tablespace: 
--

ALTER TABLE ONLY product_review
    ADD CONSTRAINT product_review_reviews_id_key UNIQUE (reviews_id);


--
-- TOC entry 1899 (class 2606 OID 188873)
-- Name: producttype_pkey; Type: CONSTRAINT; Schema: public; Owner: postgres; Tablespace: 
--

ALTER TABLE ONLY producttype
    ADD CONSTRAINT producttype_pkey PRIMARY KEY (product_type_id);


--
-- TOC entry 1897 (class 2606 OID 180708)
-- Name: review_pkey; Type: CONSTRAINT; Schema: public; Owner: postgres; Tablespace: 
--

ALTER TABLE ONLY review
    ADD CONSTRAINT review_pkey PRIMARY KEY (id);


--
-- TOC entry 1895 (class 2606 OID 165341)
-- Name: user_address_pkey; Type: CONSTRAINT; Schema: public; Owner: postgres; Tablespace: 
--

ALTER TABLE ONLY user_address
    ADD CONSTRAINT user_address_pkey PRIMARY KEY (id);


--
-- TOC entry 1901 (class 2606 OID 221656)
-- Name: user_nfzdetail_pkey; Type: CONSTRAINT; Schema: public; Owner: postgres; Tablespace: 
--

ALTER TABLE ONLY user_nfzdetail
    ADD CONSTRAINT user_nfzdetail_pkey PRIMARY KEY (id);


--
-- TOC entry 1889 (class 2606 OID 165309)
-- Name: users_pkey; Type: CONSTRAINT; Schema: public; Owner: postgres; Tablespace: 
--

ALTER TABLE ONLY users
    ADD CONSTRAINT users_pkey PRIMARY KEY (user_id);


--
-- TOC entry 1913 (class 2606 OID 165372)
-- Name: fk168733807b354f90; Type: FK CONSTRAINT; Schema: public; Owner: postgres
--

ALTER TABLE ONLY user_address
    ADD CONSTRAINT fk168733807b354f90 FOREIGN KEY (user_id) REFERENCES users(user_id);


--
-- TOC entry 1907 (class 2606 OID 221657)
-- Name: fk4d495e84451c810; Type: FK CONSTRAINT; Schema: public; Owner: postgres
--

ALTER TABLE ONLY users
    ADD CONSTRAINT fk4d495e84451c810 FOREIGN KEY (usernfzdetails_id) REFERENCES user_nfzdetail(id);


--
-- TOC entry 1905 (class 2606 OID 165347)
-- Name: fk60163f61b0099af4; Type: FK CONSTRAINT; Schema: public; Owner: postgres
--

ALTER TABLE ONLY orderitem
    ADD CONSTRAINT fk60163f61b0099af4 FOREIGN KEY (customerorder_orderid) REFERENCES customerorder(orderid);


--
-- TOC entry 1906 (class 2606 OID 165352)
-- Name: fk60163f61d4bc2b34; Type: FK CONSTRAINT; Schema: public; Owner: postgres
--

ALTER TABLE ONLY orderitem
    ADD CONSTRAINT fk60163f61d4bc2b34 FOREIGN KEY (product_product_id) REFERENCES product(product_id);


--
-- TOC entry 1911 (class 2606 OID 165362)
-- Name: fk6898e811246fbaa6; Type: FK CONSTRAINT; Schema: public; Owner: postgres
--

ALTER TABLE ONLY product_orderitem
    ADD CONSTRAINT fk6898e811246fbaa6 FOREIGN KEY (orderitems_itemid) REFERENCES orderitem(itemid);


--
-- TOC entry 1912 (class 2606 OID 165367)
-- Name: fk6898e811d4bc2b34; Type: FK CONSTRAINT; Schema: public; Owner: postgres
--

ALTER TABLE ONLY product_orderitem
    ADD CONSTRAINT fk6898e811d4bc2b34 FOREIGN KEY (product_product_id) REFERENCES product(product_id);


--
-- TOC entry 1915 (class 2606 OID 180714)
-- Name: fk91b3e378d4bc2b34; Type: FK CONSTRAINT; Schema: public; Owner: postgres
--

ALTER TABLE ONLY review
    ADD CONSTRAINT fk91b3e378d4bc2b34 FOREIGN KEY (product_product_id) REFERENCES product(product_id);


--
-- TOC entry 1914 (class 2606 OID 180709)
-- Name: fk91b3e378d624e71c; Type: FK CONSTRAINT; Schema: public; Owner: postgres
--

ALTER TABLE ONLY review
    ADD CONSTRAINT fk91b3e378d624e71c FOREIGN KEY (user_user_id) REFERENCES users(user_id);


--
-- TOC entry 1904 (class 2606 OID 165342)
-- Name: fkaef781f0d624e71c; Type: FK CONSTRAINT; Schema: public; Owner: postgres
--

ALTER TABLE ONLY customerorder
    ADD CONSTRAINT fkaef781f0d624e71c FOREIGN KEY (user_user_id) REFERENCES users(user_id);


--
-- TOC entry 1916 (class 2606 OID 229831)
-- Name: fkc7f178c8d4bc2b34; Type: FK CONSTRAINT; Schema: public; Owner: postgres
--

ALTER TABLE ONLY product_review
    ADD CONSTRAINT fkc7f178c8d4bc2b34 FOREIGN KEY (product_product_id) REFERENCES product(product_id);


--
-- TOC entry 1917 (class 2606 OID 229836)
-- Name: fkc7f178c8f8151b4d; Type: FK CONSTRAINT; Schema: public; Owner: postgres
--

ALTER TABLE ONLY product_review
    ADD CONSTRAINT fkc7f178c8f8151b4d FOREIGN KEY (reviews_id) REFERENCES review(id);


--
-- TOC entry 1908 (class 2606 OID 165357)
-- Name: fked8dccef352f47f4; Type: FK CONSTRAINT; Schema: public; Owner: postgres
--

ALTER TABLE ONLY product
    ADD CONSTRAINT fked8dccef352f47f4 FOREIGN KEY (type_id) REFERENCES categorytype(id);


--
-- TOC entry 1909 (class 2606 OID 188874)
-- Name: fked8dccefc3b113b0; Type: FK CONSTRAINT; Schema: public; Owner: postgres
--

ALTER TABLE ONLY product
    ADD CONSTRAINT fked8dccefc3b113b0 FOREIGN KEY (category_id) REFERENCES categorytype(id);


--
-- TOC entry 1910 (class 2606 OID 188879)
-- Name: fked8dccefc6feb83e; Type: FK CONSTRAINT; Schema: public; Owner: postgres
--

ALTER TABLE ONLY product
    ADD CONSTRAINT fked8dccefc6feb83e FOREIGN KEY (type_product_type_id) REFERENCES producttype(product_type_id);


--
-- TOC entry 2048 (class 0 OID 0)
-- Dependencies: 5
-- Name: public; Type: ACL; Schema: -; Owner: postgres
--

REVOKE ALL ON SCHEMA public FROM PUBLIC;
REVOKE ALL ON SCHEMA public FROM postgres;
GRANT ALL ON SCHEMA public TO postgres;
GRANT ALL ON SCHEMA public TO PUBLIC;


-- Completed on 2015-10-24 17:23:36

--
-- PostgreSQL database dump complete
--

